employee_id,week_starting,total_hours,overtime_hours,breached,full_name,id_number,role,primary_site_id,shift_pattern,contract_ordinary_hours,employment_type
E1001,2026-06-08,39.5,0.0,False,Mpho Mabaso,040402XXXX000,Cleaner,ST-01,day,45,Fixed-term
E1001,2026-06-15,40.75,0.0,False,Mpho Mabaso,040402XXXX000,Cleaner,ST-01,day,45,Fixed-term
E1001,2026-06-22,39.75,0.0,False,Mpho Mabaso,040402XXXX000,Cleaner,ST-01,day,45,Fixed-term
E1001,2026-06-29,41.5,0.0,False,Mpho Mabaso,040402XXXX000,Cleaner,ST-01,day,45,Fixed-term
E1001,2026-07-06,38.0,0.0,False,Mpho Mabaso,040402XXXX000,Cleaner,ST-01,day,45,Fixed-term
E1001,2026-07-13,50.0,5.0,False,Mpho Mabaso,040402XXXX000,Cleaner,ST-01,day,45,Fixed-term
E1001,2026-07-20,39.75,0.0,False,Mpho Mabaso,040402XXXX000,Cleaner,ST-01,day,45,Fixed-term
E1001,2026-07-27,37.5,0.0,False,Mpho Mabaso,040402XXXX000,Cleaner,ST-01,day,45,Fixed-term
E1001,2026-08-03,51.75,6.75,False,Mpho Mabaso,040402XXXX000,Cleaner,ST-01,day,45,Fixed-term
E1001,2026-08-10,25.75,0.0,False,Mpho Mabaso,040402XXXX000,Cleaner,ST-01,day,45,Fixed-term
E1002,2026-06-08,46.75,1.75,False,Xolani Ngcobo,811007XXXX001,Kitchen Assistant,ST-02,day,45,Permanent
E1002,2026-06-15,50.0,5.0,False,Xolani Ngcobo,811007XXXX001,Kitchen Assistant,ST-02,day,45,Permanent
E1002,2026-06-22,35.5,0.0,False,Xolani Ngcobo,811007XXXX001,Kitchen Assistant,ST-02,day,45,Permanent
E1002,2026-06-29,43.5,0.0,False,Xolani Ngcobo,811007XXXX001,Kitchen Assistant,ST-02,day,45,Permanent
E1002,2026-07-06,49.75,4.75,False,Xolani Ngcobo,811007XXXX001,Kitchen Assistant,ST-02,day,45,Permanent
E1002,2026-07-13,37.0,0.0,False,Xolani Ngcobo,811007XXXX001,Kitchen Assistant,ST-02,day,45,Permanent
E1002,2026-07-20,50.0,5.0,False,Xolani Ngcobo,811007XXXX001,Kitchen Assistant,ST-02,day,45,Permanent
E1002,2026-07-27,51.5,6.5,False,Xolani Ngcobo,811007XXXX001,Kitchen Assistant,ST-02,day,45,Permanent
E1002,2026-08-03,51.0,6.0,False,Xolani Ngcobo,811007XXXX001,Kitchen Assistant,ST-02,day,45,Permanent
E1002,2026-08-10,17.75,0.0,False,Xolani Ngcobo,811007XXXX001,Kitchen Assistant,ST-02,day,45,Permanent
E1003,2026-06-08,38.5,0.0,False,Portia Mahlangu,840820XXXX002,Cleaner,ST-03,day,45,Permanent
E1003,2026-06-15,44.5,0.0,False,Portia Mahlangu,840820XXXX002,Cleaner,ST-03,day,45,Permanent
E1003,2026-06-22,41.5,0.0,False,Portia Mahlangu,840820XXXX002,Cleaner,ST-03,day,45,Permanent
E1003,2026-06-29,41.75,0.0,False,Portia Mahlangu,840820XXXX002,Cleaner,ST-03,day,45,Permanent
E1003,2026-07-06,43.0,0.0,False,Portia Mahlangu,840820XXXX002,Cleaner,ST-03,day,45,Permanent
E1003,2026-07-13,41.0,0.0,False,Portia Mahlangu,840820XXXX002,Cleaner,ST-03,day,45,Permanent
E1003,2026-07-20,33.75,0.0,False,Portia Mahlangu,840820XXXX002,Cleaner,ST-03,day,45,Permanent
E1003,2026-07-27,38.5,0.0,False,Portia Mahlangu,840820XXXX002,Cleaner,ST-03,day,45,Permanent
E1003,2026-08-03,38.75,0.0,False,Portia Mahlangu,840820XXXX002,Cleaner,ST-03,day,45,Permanent
E1003,2026-08-10,25.5,0.0,False,Portia Mahlangu,840820XXXX002,Cleaner,ST-03,day,45,Permanent
E1004,2026-06-08,37.25,0.0,False,Chantal Adams,020310XXXX003,Security Guard,ST-03,night,45,Permanent
E1004,2026-06-15,43.25,0.0,False,Chantal Adams,020310XXXX003,Security Guard,ST-03,night,45,Permanent
E1004,2026-06-22,47.75,2.75,False,Chantal Adams,020310XXXX003,Security Guard,ST-03,night,45,Permanent
E1004,2026-06-29,45.75,0.75,False,Chantal Adams,020310XXXX003,Security Guard,ST-03,night,45,Permanent
E1004,2026-07-06,46.25,1.25,False,Chantal Adams,020310XXXX003,Security Guard,ST-03,night,45,Permanent
E1004,2026-07-13,48.25,3.25,False,Chantal Adams,020310XXXX003,Security Guard,ST-03,night,45,Permanent
E1004,2026-07-20,46.25,1.25,False,Chantal Adams,020310XXXX003,Security Guard,ST-03,night,45,Permanent
E1004,2026-07-27,48.75,3.75,False,Chantal Adams,020310XXXX003,Security Guard,ST-03,night,45,Permanent
E1004,2026-08-03,45.75,0.75,False,Chantal Adams,020310XXXX003,Security Guard,ST-03,night,45,Permanent
E1004,2026-08-10,24.5,0.0,False,Chantal Adams,020310XXXX003,Security Guard,ST-03,night,45,Permanent
E1005,2026-06-08,47.75,2.75,False,Lerato Mabaso,020903XXXX004,Cleaner,ST-05,day,45,Permanent
E1005,2026-06-15,48.0,3.0,False,Lerato Mabaso,020903XXXX004,Cleaner,ST-05,day,45,Permanent
E1005,2026-06-22,48.75,3.75,False,Lerato Mabaso,020903XXXX004,Cleaner,ST-05,day,45,Permanent
E1005,2026-06-29,46.5,1.5,False,Lerato Mabaso,020903XXXX004,Cleaner,ST-05,day,45,Permanent
E1005,2026-07-06,58.5,13.5,True,Lerato Mabaso,020903XXXX004,Cleaner,ST-05,day,45,Permanent
E1005,2026-07-13,45.25,0.25,False,Lerato Mabaso,020903XXXX004,Cleaner,ST-05,day,45,Permanent
E1005,2026-07-20,43.25,0.0,False,Lerato Mabaso,020903XXXX004,Cleaner,ST-05,day,45,Permanent
E1005,2026-07-27,46.75,1.75,False,Lerato Mabaso,020903XXXX004,Cleaner,ST-05,day,45,Permanent
E1005,2026-08-03,47.5,2.5,False,Lerato Mabaso,020903XXXX004,Cleaner,ST-05,day,45,Permanent
E1005,2026-08-10,27.0,0.0,False,Lerato Mabaso,020903XXXX004,Cleaner,ST-05,day,45,Permanent
E1006,2026-06-08,26.5,0.0,False,Shaun Zulu,020703XXXX005,Security Guard,ST-04,day,45,Fixed-term
E1006,2026-06-15,44.0,0.0,False,Shaun Zulu,020703XXXX005,Security Guard,ST-04,day,45,Fixed-term
E1006,2026-06-22,42.75,0.0,False,Shaun Zulu,020703XXXX005,Security Guard,ST-04,day,45,Fixed-term
E1006,2026-06-29,38.0,0.0,False,Shaun Zulu,020703XXXX005,Security Guard,ST-04,day,45,Fixed-term
E1006,2026-07-06,43.75,0.0,False,Shaun Zulu,020703XXXX005,Security Guard,ST-04,day,45,Fixed-term
E1006,2026-07-13,48.25,3.25,False,Shaun Zulu,020703XXXX005,Security Guard,ST-04,day,45,Fixed-term
E1006,2026-07-20,38.25,0.0,False,Shaun Zulu,020703XXXX005,Security Guard,ST-04,day,45,Fixed-term
E1006,2026-07-27,42.25,0.0,False,Shaun Zulu,020703XXXX005,Security Guard,ST-04,day,45,Fixed-term
E1006,2026-08-03,37.5,0.0,False,Shaun Zulu,020703XXXX005,Security Guard,ST-04,day,45,Fixed-term
E1006,2026-08-10,23.5,0.0,False,Shaun Zulu,020703XXXX005,Security Guard,ST-04,day,45,Fixed-term
E1007,2026-06-08,44.5,0.0,False,Sibusiso Baloyi,020521XXXX006,Security Guard,ST-06,day,45,Permanent
E1007,2026-06-15,43.75,0.0,False,Sibusiso Baloyi,020521XXXX006,Security Guard,ST-06,day,45,Permanent
E1007,2026-06-22,35.75,0.0,False,Sibusiso Baloyi,020521XXXX006,Security Guard,ST-06,day,45,Permanent
E1007,2026-06-29,47.0,2.0,False,Sibusiso Baloyi,020521XXXX006,Security Guard,ST-06,day,45,Permanent
E1007,2026-07-06,37.5,0.0,False,Sibusiso Baloyi,020521XXXX006,Security Guard,ST-06,day,45,Permanent
E1007,2026-07-13,42.25,0.0,False,Sibusiso Baloyi,020521XXXX006,Security Guard,ST-06,day,45,Permanent
E1007,2026-07-20,36.5,0.0,False,Sibusiso Baloyi,020521XXXX006,Security Guard,ST-06,day,45,Permanent
E1007,2026-07-27,38.75,0.0,False,Sibusiso Baloyi,020521XXXX006,Security Guard,ST-06,day,45,Permanent
E1007,2026-08-03,35.25,0.0,False,Sibusiso Baloyi,020521XXXX006,Security Guard,ST-06,day,45,Permanent
E1007,2026-08-10,12.25,0.0,False,Sibusiso Baloyi,020521XXXX006,Security Guard,ST-06,day,45,Permanent
E1008,2026-06-08,43.5,0.0,False,Nadia Fourie,811026XXXX007,Security Guard,ST-03,day,45,Permanent
E1008,2026-06-15,30.75,0.0,False,Nadia Fourie,811026XXXX007,Security Guard,ST-03,day,45,Permanent
E1008,2026-06-22,30.0,0.0,False,Nadia Fourie,811026XXXX007,Security Guard,ST-03,day,45,Permanent
E1008,2026-06-29,37.5,0.0,False,Nadia Fourie,811026XXXX007,Security Guard,ST-03,day,45,Permanent
E1008,2026-07-06,36.5,0.0,False,Nadia Fourie,811026XXXX007,Security Guard,ST-03,day,45,Permanent
E1008,2026-07-13,42.0,0.0,False,Nadia Fourie,811026XXXX007,Security Guard,ST-03,day,45,Permanent
E1008,2026-07-20,37.5,0.0,False,Nadia Fourie,811026XXXX007,Security Guard,ST-03,day,45,Permanent
E1008,2026-07-27,42.75,0.0,False,Nadia Fourie,811026XXXX007,Security Guard,ST-03,day,45,Permanent
E1008,2026-08-03,36.25,0.0,False,Nadia Fourie,811026XXXX007,Security Guard,ST-03,day,45,Permanent
E1008,2026-08-10,12.5,0.0,False,Nadia Fourie,811026XXXX007,Security Guard,ST-03,day,45,Permanent
E1009,2026-06-08,45.0,0.0,False,Palesa Sibiya,010515XXXX008,Security Guard,ST-02,day,45,Fixed-term
E1009,2026-06-15,23.25,0.0,False,Palesa Sibiya,010515XXXX008,Security Guard,ST-02,day,45,Fixed-term
E1009,2026-06-22,37.5,0.0,False,Palesa Sibiya,010515XXXX008,Security Guard,ST-02,day,45,Fixed-term
E1009,2026-06-29,36.5,0.0,False,Palesa Sibiya,010515XXXX008,Security Guard,ST-02,day,45,Fixed-term
E1009,2026-07-06,55.0,10.0,False,Palesa Sibiya,010515XXXX008,Security Guard,ST-02,day,45,Fixed-term
E1009,2026-07-13,55.5,10.5,True,Palesa Sibiya,010515XXXX008,Security Guard,ST-02,day,45,Fixed-term
E1009,2026-07-20,42.5,0.0,False,Palesa Sibiya,010515XXXX008,Security Guard,ST-02,day,45,Fixed-term
E1009,2026-07-27,50.0,5.0,False,Palesa Sibiya,010515XXXX008,Security Guard,ST-02,day,45,Fixed-term
E1009,2026-08-03,46.75,1.75,False,Palesa Sibiya,010515XXXX008,Security Guard,ST-02,day,45,Fixed-term
E1009,2026-08-10,0.0,0.0,False,Palesa Sibiya,010515XXXX008,Security Guard,ST-02,day,45,Fixed-term
E1010,2026-06-08,51.75,6.75,False,Charmaine Van Wyk,791220XXXX009,Kitchen Assistant,ST-01,day,45,Fixed-term
E1010,2026-06-15,44.75,0.0,False,Charmaine Van Wyk,791220XXXX009,Kitchen Assistant,ST-01,day,45,Fixed-term
E1010,2026-06-22,38.25,0.0,False,Charmaine Van Wyk,791220XXXX009,Kitchen Assistant,ST-01,day,45,Fixed-term
E1010,2026-06-29,43.75,0.0,False,Charmaine Van Wyk,791220XXXX009,Kitchen Assistant,ST-01,day,45,Fixed-term
E1010,2026-07-06,48.75,3.75,False,Charmaine Van Wyk,791220XXXX009,Kitchen Assistant,ST-01,day,45,Fixed-term
E1010,2026-07-13,44.5,0.0,False,Charmaine Van Wyk,791220XXXX009,Kitchen Assistant,ST-01,day,45,Fixed-term
E1010,2026-07-20,52.75,7.75,False,Charmaine Van Wyk,791220XXXX009,Kitchen Assistant,ST-01,day,45,Fixed-term
E1010,2026-07-27,45.5,0.5,False,Charmaine Van Wyk,791220XXXX009,Kitchen Assistant,ST-01,day,45,Fixed-term
E1010,2026-08-03,43.75,0.0,False,Charmaine Van Wyk,791220XXXX009,Kitchen Assistant,ST-01,day,45,Fixed-term
E1010,2026-08-10,27.25,0.0,False,Charmaine Van Wyk,791220XXXX009,Kitchen Assistant,ST-01,day,45,Fixed-term
E1011,2026-06-08,48.75,3.75,False,Gift September,000702XXXX010,Cleaner,ST-01,day,45,Permanent
E1011,2026-06-15,38.0,0.0,False,Gift September,000702XXXX010,Cleaner,ST-01,day,45,Permanent
E1011,2026-06-22,37.25,0.0,False,Gift September,000702XXXX010,Cleaner,ST-01,day,45,Permanent
E1011,2026-06-29,40.5,0.0,False,Gift September,000702XXXX010,Cleaner,ST-01,day,45,Permanent
E1011,2026-07-06,40.25,0.0,False,Gift September,000702XXXX010,Cleaner,ST-01,day,45,Permanent
E1011,2026-07-13,36.75,0.0,False,Gift September,000702XXXX010,Cleaner,ST-01,day,45,Permanent
E1011,2026-07-20,35.5,0.0,False,Gift September,000702XXXX010,Cleaner,ST-01,day,45,Permanent
E1011,2026-07-27,38.5,0.0,False,Gift September,000702XXXX010,Cleaner,ST-01,day,45,Permanent
E1011,2026-08-03,39.75,0.0,False,Gift September,000702XXXX010,Cleaner,ST-01,day,45,Permanent
E1011,2026-08-10,18.0,0.0,False,Gift September,000702XXXX010,Cleaner,ST-01,day,45,Permanent
E1012,2026-06-08,43.25,0.0,False,Kagiso Sibiya,001202XXXX011,Driver,ST-04,day,45,Permanent
E1012,2026-06-15,46.25,1.25,False,Kagiso Sibiya,001202XXXX011,Driver,ST-04,day,45,Permanent
E1012,2026-06-22,31.75,0.0,False,Kagiso Sibiya,001202XXXX011,Driver,ST-04,day,45,Permanent
E1012,2026-06-29,44.25,0.0,False,Kagiso Sibiya,001202XXXX011,Driver,ST-04,day,45,Permanent
E1012,2026-07-06,43.25,0.0,False,Kagiso Sibiya,001202XXXX011,Driver,ST-04,day,45,Permanent
E1012,2026-07-13,41.0,0.0,False,Kagiso Sibiya,001202XXXX011,Driver,ST-04,day,45,Permanent
E1012,2026-07-20,48.75,3.75,False,Kagiso Sibiya,001202XXXX011,Driver,ST-04,day,45,Permanent
E1012,2026-07-27,43.75,0.0,False,Kagiso Sibiya,001202XXXX011,Driver,ST-04,day,45,Permanent
E1012,2026-08-03,45.25,0.25,False,Kagiso Sibiya,001202XXXX011,Driver,ST-04,day,45,Permanent
E1012,2026-08-10,19.25,0.0,False,Kagiso Sibiya,001202XXXX011,Driver,ST-04,day,45,Permanent
E1013,2026-06-08,26.0,0.0,False,Given Sithole,000413XXXX012,Security Guard,ST-04,day,45,Permanent
E1013,2026-06-15,46.5,1.5,False,Given Sithole,000413XXXX012,Security Guard,ST-04,day,45,Permanent
E1013,2026-06-22,32.5,0.0,False,Given Sithole,000413XXXX012,Security Guard,ST-04,day,45,Permanent
E1013,2026-06-29,39.0,0.0,False,Given Sithole,000413XXXX012,Security Guard,ST-04,day,45,Permanent
E1013,2026-07-06,42.5,0.0,False,Given Sithole,000413XXXX012,Security Guard,ST-04,day,45,Permanent
E1013,2026-07-13,60.0,15.0,True,Given Sithole,000413XXXX012,Security Guard,ST-04,day,45,Permanent
E1013,2026-07-20,45.0,0.0,False,Given Sithole,000413XXXX012,Security Guard,ST-04,day,45,Permanent
E1013,2026-07-27,47.25,2.25,False,Given Sithole,000413XXXX012,Security Guard,ST-04,day,45,Permanent
E1013,2026-08-03,46.5,1.5,False,Given Sithole,000413XXXX012,Security Guard,ST-04,day,45,Permanent
E1013,2026-08-10,23.25,0.0,False,Given Sithole,000413XXXX012,Security Guard,ST-04,day,45,Permanent
E1014,2026-06-08,47.25,2.25,False,Chantal Dlamini,980207XXXX013,Security Guard,ST-03,day,45,Permanent
E1014,2026-06-15,38.5,0.0,False,Chantal Dlamini,980207XXXX013,Security Guard,ST-03,day,45,Permanent
E1014,2026-06-22,24.75,0.0,False,Chantal Dlamini,980207XXXX013,Security Guard,ST-03,day,45,Permanent
E1014,2026-06-29,50.25,5.25,False,Chantal Dlamini,980207XXXX013,Security Guard,ST-03,day,45,Permanent
E1014,2026-07-06,50.5,5.5,False,Chantal Dlamini,980207XXXX013,Security Guard,ST-03,day,45,Permanent
E1014,2026-07-13,36.75,0.0,False,Chantal Dlamini,980207XXXX013,Security Guard,ST-03,day,45,Permanent
E1014,2026-07-20,37.25,0.0,False,Chantal Dlamini,980207XXXX013,Security Guard,ST-03,day,45,Permanent
E1014,2026-07-27,38.25,0.0,False,Chantal Dlamini,980207XXXX013,Security Guard,ST-03,day,45,Permanent
E1014,2026-08-03,37.0,0.0,False,Chantal Dlamini,980207XXXX013,Security Guard,ST-03,day,45,Permanent
E1014,2026-08-10,12.0,0.0,False,Chantal Dlamini,980207XXXX013,Security Guard,ST-03,day,45,Permanent
E1015,2026-06-08,49.25,4.25,False,Katlego Hendricks,900505XXXX014,Driver,ST-05,day,45,Permanent
E1015,2026-06-15,42.25,0.0,False,Katlego Hendricks,900505XXXX014,Driver,ST-05,day,45,Permanent
E1015,2026-06-22,39.5,0.0,False,Katlego Hendricks,900505XXXX014,Driver,ST-05,day,45,Permanent
E1015,2026-06-29,57.0,12.0,True,Katlego Hendricks,900505XXXX014,Driver,ST-05,day,45,Permanent
E1015,2026-07-06,41.5,0.0,False,Katlego Hendricks,900505XXXX014,Driver,ST-05,day,45,Permanent
E1015,2026-07-13,49.25,4.25,False,Katlego Hendricks,900505XXXX014,Driver,ST-05,day,45,Permanent
E1015,2026-07-20,52.75,7.75,False,Katlego Hendricks,900505XXXX014,Driver,ST-05,day,45,Permanent
E1015,2026-07-27,50.75,5.75,False,Katlego Hendricks,900505XXXX014,Driver,ST-05,day,45,Permanent
E1015,2026-08-03,43.0,0.0,False,Katlego Hendricks,900505XXXX014,Driver,ST-05,day,45,Permanent
E1015,2026-08-10,31.0,0.0,False,Katlego Hendricks,900505XXXX014,Driver,ST-05,day,45,Permanent
E1016,2026-06-08,45.25,0.25,False,Pieter Mahlangu,041214XXXX015,Supervisor,ST-04,day,45,Permanent
E1016,2026-06-15,47.75,2.75,False,Pieter Mahlangu,041214XXXX015,Supervisor,ST-04,day,45,Permanent
E1016,2026-06-22,46.75,1.75,False,Pieter Mahlangu,041214XXXX015,Supervisor,ST-04,day,45,Permanent
E1016,2026-06-29,43.5,0.0,False,Pieter Mahlangu,041214XXXX015,Supervisor,ST-04,day,45,Permanent
E1016,2026-07-06,45.5,0.5,False,Pieter Mahlangu,041214XXXX015,Supervisor,ST-04,day,45,Permanent
E1016,2026-07-13,43.25,0.0,False,Pieter Mahlangu,041214XXXX015,Supervisor,ST-04,day,45,Permanent
E1016,2026-07-20,40.75,0.0,False,Pieter Mahlangu,041214XXXX015,Supervisor,ST-04,day,45,Permanent
E1016,2026-07-27,47.5,2.5,False,Pieter Mahlangu,041214XXXX015,Supervisor,ST-04,day,45,Permanent
E1016,2026-08-03,42.25,0.0,False,Pieter Mahlangu,041214XXXX015,Supervisor,ST-04,day,45,Permanent
E1016,2026-08-10,29.5,0.0,False,Pieter Mahlangu,041214XXXX015,Supervisor,ST-04,day,45,Permanent
E1017,2026-06-08,37.5,0.0,False,Mandla September,020605XXXX016,Security Guard,ST-05,day,45,Fixed-term
E1017,2026-06-15,38.0,0.0,False,Mandla September,020605XXXX016,Security Guard,ST-05,day,45,Fixed-term
E1017,2026-06-22,30.75,0.0,False,Mandla September,020605XXXX016,Security Guard,ST-05,day,45,Fixed-term
E1017,2026-06-29,38.25,0.0,False,Mandla September,020605XXXX016,Security Guard,ST-05,day,45,Fixed-term
E1017,2026-07-06,37.5,0.0,False,Mandla September,020605XXXX016,Security Guard,ST-05,day,45,Fixed-term
E1017,2026-07-13,42.25,0.0,False,Mandla September,020605XXXX016,Security Guard,ST-05,day,45,Fixed-term
E1017,2026-07-20,36.25,0.0,False,Mandla September,020605XXXX016,Security Guard,ST-05,day,45,Fixed-term
E1017,2026-07-27,42.75,0.0,False,Mandla September,020605XXXX016,Security Guard,ST-05,day,45,Fixed-term
E1017,2026-08-03,43.25,0.0,False,Mandla September,020605XXXX016,Security Guard,ST-05,day,45,Fixed-term
E1017,2026-08-10,35.5,0.0,False,Mandla September,020605XXXX016,Security Guard,ST-05,day,45,Fixed-term
E1018,2026-06-08,32.0,0.0,False,Andile Sithole,900518XXXX017,Driver,ST-01,day,45,Permanent
E1018,2026-06-15,39.0,0.0,False,Andile Sithole,900518XXXX017,Driver,ST-01,day,45,Permanent
E1018,2026-06-22,38.25,0.0,False,Andile Sithole,900518XXXX017,Driver,ST-01,day,45,Permanent
E1018,2026-06-29,41.25,0.0,False,Andile Sithole,900518XXXX017,Driver,ST-01,day,45,Permanent
E1018,2026-07-06,39.0,0.0,False,Andile Sithole,900518XXXX017,Driver,ST-01,day,45,Permanent
E1018,2026-07-13,38.0,0.0,False,Andile Sithole,900518XXXX017,Driver,ST-01,day,45,Permanent
E1018,2026-07-20,41.75,0.0,False,Andile Sithole,900518XXXX017,Driver,ST-01,day,45,Permanent
E1018,2026-07-27,31.0,0.0,False,Andile Sithole,900518XXXX017,Driver,ST-01,day,45,Permanent
E1018,2026-08-03,42.5,0.0,False,Andile Sithole,900518XXXX017,Driver,ST-01,day,45,Permanent
E1018,2026-08-10,20.75,0.0,False,Andile Sithole,900518XXXX017,Driver,ST-01,day,45,Permanent
E1019,2026-06-08,40.0,0.0,False,Lindiwe Dlamini,741107XXXX018,Kitchen Assistant,ST-05,day,45,Permanent
E1019,2026-06-15,41.75,0.0,False,Lindiwe Dlamini,741107XXXX018,Kitchen Assistant,ST-05,day,45,Permanent
E1019,2026-06-22,39.75,0.0,False,Lindiwe Dlamini,741107XXXX018,Kitchen Assistant,ST-05,day,45,Permanent
E1019,2026-06-29,39.0,0.0,False,Lindiwe Dlamini,741107XXXX018,Kitchen Assistant,ST-05,day,45,Permanent
E1019,2026-07-06,50.75,5.75,False,Lindiwe Dlamini,741107XXXX018,Kitchen Assistant,ST-05,day,45,Permanent
E1019,2026-07-13,36.75,0.0,False,Lindiwe Dlamini,741107XXXX018,Kitchen Assistant,ST-05,day,45,Permanent
E1019,2026-07-20,48.25,3.25,False,Lindiwe Dlamini,741107XXXX018,Kitchen Assistant,ST-05,day,45,Permanent
E1019,2026-07-27,37.0,0.0,False,Lindiwe Dlamini,741107XXXX018,Kitchen Assistant,ST-05,day,45,Permanent
E1019,2026-08-03,38.75,0.0,False,Lindiwe Dlamini,741107XXXX018,Kitchen Assistant,ST-05,day,45,Permanent
E1019,2026-08-10,9.5,0.0,False,Lindiwe Dlamini,741107XXXX018,Kitchen Assistant,ST-05,day,45,Permanent
E1020,2026-06-08,34.25,0.0,False,Lucky Van Wyk,020324XXXX019,Kitchen Assistant,ST-03,day,45,Fixed-term
E1020,2026-06-15,35.25,0.0,False,Lucky Van Wyk,020324XXXX019,Kitchen Assistant,ST-03,day,45,Fixed-term
E1020,2026-06-22,37.25,0.0,False,Lucky Van Wyk,020324XXXX019,Kitchen Assistant,ST-03,day,45,Fixed-term
E1020,2026-06-29,35.5,0.0,False,Lucky Van Wyk,020324XXXX019,Kitchen Assistant,ST-03,day,45,Fixed-term
E1020,2026-07-06,37.25,0.0,False,Lucky Van Wyk,020324XXXX019,Kitchen Assistant,ST-03,day,45,Fixed-term
E1020,2026-07-13,36.75,0.0,False,Lucky Van Wyk,020324XXXX019,Kitchen Assistant,ST-03,day,45,Fixed-term
E1020,2026-07-20,37.0,0.0,False,Lucky Van Wyk,020324XXXX019,Kitchen Assistant,ST-03,day,45,Fixed-term
E1020,2026-07-27,32.0,0.0,False,Lucky Van Wyk,020324XXXX019,Kitchen Assistant,ST-03,day,45,Fixed-term
E1020,2026-08-03,33.5,0.0,False,Lucky Van Wyk,020324XXXX019,Kitchen Assistant,ST-03,day,45,Fixed-term
E1020,2026-08-10,17.5,0.0,False,Lucky Van Wyk,020324XXXX019,Kitchen Assistant,ST-03,day,45,Fixed-term
E1021,2026-06-08,34.75,0.0,False,Katlego Jacobs,881227XXXX020,Security Guard,ST-04,day,45,Permanent
E1021,2026-06-15,37.5,0.0,False,Katlego Jacobs,881227XXXX020,Security Guard,ST-04,day,45,Permanent
E1021,2026-06-22,38.0,0.0,False,Katlego Jacobs,881227XXXX020,Security Guard,ST-04,day,45,Permanent
E1021,2026-06-29,21.25,0.0,False,Katlego Jacobs,881227XXXX020,Security Guard,ST-04,day,45,Permanent
E1021,2026-07-06,37.25,0.0,False,Katlego Jacobs,881227XXXX020,Security Guard,ST-04,day,45,Permanent
E1021,2026-07-13,32.75,0.0,False,Katlego Jacobs,881227XXXX020,Security Guard,ST-04,day,45,Permanent
E1021,2026-07-20,36.0,0.0,False,Katlego Jacobs,881227XXXX020,Security Guard,ST-04,day,45,Permanent
E1021,2026-07-27,23.5,0.0,False,Katlego Jacobs,881227XXXX020,Security Guard,ST-04,day,45,Permanent
E1021,2026-08-03,39.75,0.0,False,Katlego Jacobs,881227XXXX020,Security Guard,ST-04,day,45,Permanent
E1021,2026-08-10,11.75,0.0,False,Katlego Jacobs,881227XXXX020,Security Guard,ST-04,day,45,Permanent
E1022,2026-06-08,43.0,0.0,False,Sipho Maluleke,711117XXXX021,Supervisor,ST-06,day,45,Fixed-term
E1022,2026-06-15,44.0,0.0,False,Sipho Maluleke,711117XXXX021,Supervisor,ST-06,day,45,Fixed-term
E1022,2026-06-22,43.25,0.0,False,Sipho Maluleke,711117XXXX021,Supervisor,ST-06,day,45,Fixed-term
E1022,2026-06-29,42.25,0.0,False,Sipho Maluleke,711117XXXX021,Supervisor,ST-06,day,45,Fixed-term
E1022,2026-07-06,40.5,0.0,False,Sipho Maluleke,711117XXXX021,Supervisor,ST-06,day,45,Fixed-term
E1022,2026-07-13,40.0,0.0,False,Sipho Maluleke,711117XXXX021,Supervisor,ST-06,day,45,Fixed-term
E1022,2026-07-20,39.75,0.0,False,Sipho Maluleke,711117XXXX021,Supervisor,ST-06,day,45,Fixed-term
E1022,2026-07-27,37.25,0.0,False,Sipho Maluleke,711117XXXX021,Supervisor,ST-06,day,45,Fixed-term
E1022,2026-08-03,39.25,0.0,False,Sipho Maluleke,711117XXXX021,Supervisor,ST-06,day,45,Fixed-term
E1022,2026-08-10,19.5,0.0,False,Sipho Maluleke,711117XXXX021,Supervisor,ST-06,day,45,Fixed-term
E1023,2026-06-08,40.75,0.0,False,Palesa Jacobs,021220XXXX022,Cleaner,ST-01,day,45,Permanent
E1023,2026-06-15,42.5,0.0,False,Palesa Jacobs,021220XXXX022,Cleaner,ST-01,day,45,Permanent
E1023,2026-06-22,40.5,0.0,False,Palesa Jacobs,021220XXXX022,Cleaner,ST-01,day,45,Permanent
E1023,2026-06-29,46.0,1.0,False,Palesa Jacobs,021220XXXX022,Cleaner,ST-01,day,45,Permanent
E1023,2026-07-06,42.0,0.0,False,Palesa Jacobs,021220XXXX022,Cleaner,ST-01,day,45,Permanent
E1023,2026-07-13,39.5,0.0,False,Palesa Jacobs,021220XXXX022,Cleaner,ST-01,day,45,Permanent
E1023,2026-07-20,38.5,0.0,False,Palesa Jacobs,021220XXXX022,Cleaner,ST-01,day,45,Permanent
E1023,2026-07-27,40.0,0.0,False,Palesa Jacobs,021220XXXX022,Cleaner,ST-01,day,45,Permanent
E1023,2026-08-03,37.5,0.0,False,Palesa Jacobs,021220XXXX022,Cleaner,ST-01,day,45,Permanent
E1023,2026-08-10,10.0,0.0,False,Palesa Jacobs,021220XXXX022,Cleaner,ST-01,day,45,Permanent
E1024,2026-06-08,39.0,0.0,False,Thabo Zulu,021124XXXX023,Cleaner,ST-01,day,45,Fixed-term
E1024,2026-06-15,43.5,0.0,False,Thabo Zulu,021124XXXX023,Cleaner,ST-01,day,45,Fixed-term
E1024,2026-06-22,43.5,0.0,False,Thabo Zulu,021124XXXX023,Cleaner,ST-01,day,45,Fixed-term
E1024,2026-06-29,44.0,0.0,False,Thabo Zulu,021124XXXX023,Cleaner,ST-01,day,45,Fixed-term
E1024,2026-07-06,39.5,0.0,False,Thabo Zulu,021124XXXX023,Cleaner,ST-01,day,45,Fixed-term
E1024,2026-07-13,42.0,0.0,False,Thabo Zulu,021124XXXX023,Cleaner,ST-01,day,45,Fixed-term
E1024,2026-07-20,40.25,0.0,False,Thabo Zulu,021124XXXX023,Cleaner,ST-01,day,45,Fixed-term
E1024,2026-07-27,41.5,0.0,False,Thabo Zulu,021124XXXX023,Cleaner,ST-01,day,45,Fixed-term
E1024,2026-08-03,51.5,6.5,False,Thabo Zulu,021124XXXX023,Cleaner,ST-01,day,45,Fixed-term
E1024,2026-08-10,8.75,0.0,False,Thabo Zulu,021124XXXX023,Cleaner,ST-01,day,45,Fixed-term
E1025,2026-06-08,48.25,3.25,False,Refilwe Motaung,000917XXXX024,Driver,ST-02,day,45,Permanent
E1025,2026-06-15,47.25,2.25,False,Refilwe Motaung,000917XXXX024,Driver,ST-02,day,45,Permanent
E1025,2026-06-22,47.0,2.0,False,Refilwe Motaung,000917XXXX024,Driver,ST-02,day,45,Permanent
E1025,2026-06-29,44.0,0.0,False,Refilwe Motaung,000917XXXX024,Driver,ST-02,day,45,Permanent
E1025,2026-07-06,48.5,3.5,False,Refilwe Motaung,000917XXXX024,Driver,ST-02,day,45,Permanent
E1025,2026-07-13,44.5,0.0,False,Refilwe Motaung,000917XXXX024,Driver,ST-02,day,45,Permanent
E1025,2026-07-20,48.0,3.0,False,Refilwe Motaung,000917XXXX024,Driver,ST-02,day,45,Permanent
E1025,2026-07-27,45.0,0.0,False,Refilwe Motaung,000917XXXX024,Driver,ST-02,day,45,Permanent
E1025,2026-08-03,42.25,0.0,False,Refilwe Motaung,000917XXXX024,Driver,ST-02,day,45,Permanent
E1025,2026-08-10,19.75,0.0,False,Refilwe Motaung,000917XXXX024,Driver,ST-02,day,45,Permanent
E1026,2026-06-08,36.0,0.0,False,Mpho Molefe,040723XXXX025,Security Guard,ST-05,day,45,Permanent
E1026,2026-06-15,42.5,0.0,False,Mpho Molefe,040723XXXX025,Security Guard,ST-05,day,45,Permanent
E1026,2026-06-22,38.25,0.0,False,Mpho Molefe,040723XXXX025,Security Guard,ST-05,day,45,Permanent
E1026,2026-06-29,36.0,0.0,False,Mpho Molefe,040723XXXX025,Security Guard,ST-05,day,45,Permanent
E1026,2026-07-06,25.75,0.0,False,Mpho Molefe,040723XXXX025,Security Guard,ST-05,day,45,Permanent
E1026,2026-07-13,46.75,1.75,False,Mpho Molefe,040723XXXX025,Security Guard,ST-05,day,45,Permanent
E1026,2026-07-20,54.5,9.5,False,Mpho Molefe,040723XXXX025,Security Guard,ST-05,day,45,Permanent
E1026,2026-07-27,39.25,0.0,False,Mpho Molefe,040723XXXX025,Security Guard,ST-05,day,45,Permanent
E1026,2026-08-03,44.0,0.0,False,Mpho Molefe,040723XXXX025,Security Guard,ST-05,day,45,Permanent
E1026,2026-08-10,23.25,0.0,False,Mpho Molefe,040723XXXX025,Security Guard,ST-05,day,45,Permanent
E1027,2026-06-08,44.25,0.0,False,Nomsa Sibiya,710617XXXX026,Cleaner,ST-06,day,45,Fixed-term
E1027,2026-06-15,51.75,6.75,False,Nomsa Sibiya,710617XXXX026,Cleaner,ST-06,day,45,Fixed-term
E1027,2026-06-22,53.5,8.5,False,Nomsa Sibiya,710617XXXX026,Cleaner,ST-06,day,45,Fixed-term
E1027,2026-06-29,40.5,0.0,False,Nomsa Sibiya,710617XXXX026,Cleaner,ST-06,day,45,Fixed-term
E1027,2026-07-06,47.0,2.0,False,Nomsa Sibiya,710617XXXX026,Cleaner,ST-06,day,45,Fixed-term
E1027,2026-07-13,55.25,10.25,True,Nomsa Sibiya,710617XXXX026,Cleaner,ST-06,day,45,Fixed-term
E1027,2026-07-20,35.75,0.0,False,Nomsa Sibiya,710617XXXX026,Cleaner,ST-06,day,45,Fixed-term
E1027,2026-07-27,50.5,5.5,False,Nomsa Sibiya,710617XXXX026,Cleaner,ST-06,day,45,Fixed-term
E1027,2026-08-03,38.25,0.0,False,Nomsa Sibiya,710617XXXX026,Cleaner,ST-06,day,45,Fixed-term
E1027,2026-08-10,18.5,0.0,False,Nomsa Sibiya,710617XXXX026,Cleaner,ST-06,day,45,Fixed-term
E1028,2026-06-08,35.0,0.0,False,Sanele Ndlovu,040520XXXX027,Supervisor,ST-01,day,45,Fixed-term
E1028,2026-06-15,43.5,0.0,False,Sanele Ndlovu,040520XXXX027,Supervisor,ST-01,day,45,Fixed-term
E1028,2026-06-22,40.25,0.0,False,Sanele Ndlovu,040520XXXX027,Supervisor,ST-01,day,45,Fixed-term
E1028,2026-06-29,38.75,0.0,False,Sanele Ndlovu,040520XXXX027,Supervisor,ST-01,day,45,Fixed-term
E1028,2026-07-06,36.75,0.0,False,Sanele Ndlovu,040520XXXX027,Supervisor,ST-01,day,45,Fixed-term
E1028,2026-07-13,37.0,0.0,False,Sanele Ndlovu,040520XXXX027,Supervisor,ST-01,day,45,Fixed-term
E1028,2026-07-20,39.25,0.0,False,Sanele Ndlovu,040520XXXX027,Supervisor,ST-01,day,45,Fixed-term
E1028,2026-07-27,38.75,0.0,False,Sanele Ndlovu,040520XXXX027,Supervisor,ST-01,day,45,Fixed-term
E1028,2026-08-03,35.75,0.0,False,Sanele Ndlovu,040520XXXX027,Supervisor,ST-01,day,45,Fixed-term
E1028,2026-08-10,9.75,0.0,False,Sanele Ndlovu,040520XXXX027,Supervisor,ST-01,day,45,Fixed-term
E1029,2026-06-08,48.5,3.5,False,Zanele Mahlangu,700715XXXX028,Kitchen Assistant,ST-04,day,45,Permanent
E1029,2026-06-15,50.25,5.25,False,Zanele Mahlangu,700715XXXX028,Kitchen Assistant,ST-04,day,45,Permanent
E1029,2026-06-22,45.0,0.0,False,Zanele Mahlangu,700715XXXX028,Kitchen Assistant,ST-04,day,45,Permanent
E1029,2026-06-29,46.0,1.0,False,Zanele Mahlangu,700715XXXX028,Kitchen Assistant,ST-04,day,45,Permanent
E1029,2026-07-06,47.0,2.0,False,Zanele Mahlangu,700715XXXX028,Kitchen Assistant,ST-04,day,45,Permanent
E1029,2026-07-13,58.75,13.75,True,Zanele Mahlangu,700715XXXX028,Kitchen Assistant,ST-04,day,45,Permanent
E1029,2026-07-20,46.5,1.5,False,Zanele Mahlangu,700715XXXX028,Kitchen Assistant,ST-04,day,45,Permanent
E1029,2026-07-27,45.25,0.25,False,Zanele Mahlangu,700715XXXX028,Kitchen Assistant,ST-04,day,45,Permanent
E1029,2026-08-03,41.25,0.0,False,Zanele Mahlangu,700715XXXX028,Kitchen Assistant,ST-04,day,45,Permanent
E1029,2026-08-10,19.25,0.0,False,Zanele Mahlangu,700715XXXX028,Kitchen Assistant,ST-04,day,45,Permanent
E1030,2026-06-08,30.5,0.0,False,Sibusiso Molefe,950516XXXX029,Cleaner,ST-03,day,45,Permanent
E1030,2026-06-15,42.75,0.0,False,Sibusiso Molefe,950516XXXX029,Cleaner,ST-03,day,45,Permanent
E1030,2026-06-22,44.5,0.0,False,Sibusiso Molefe,950516XXXX029,Cleaner,ST-03,day,45,Permanent
E1030,2026-06-29,39.5,0.0,False,Sibusiso Molefe,950516XXXX029,Cleaner,ST-03,day,45,Permanent
E1030,2026-07-06,40.75,0.0,False,Sibusiso Molefe,950516XXXX029,Cleaner,ST-03,day,45,Permanent
E1030,2026-07-13,41.25,0.0,False,Sibusiso Molefe,950516XXXX029,Cleaner,ST-03,day,45,Permanent
E1030,2026-07-20,34.75,0.0,False,Sibusiso Molefe,950516XXXX029,Cleaner,ST-03,day,45,Permanent
E1030,2026-07-27,42.5,0.0,False,Sibusiso Molefe,950516XXXX029,Cleaner,ST-03,day,45,Permanent
E1030,2026-08-03,41.75,0.0,False,Sibusiso Molefe,950516XXXX029,Cleaner,ST-03,day,45,Permanent
E1030,2026-08-10,18.5,0.0,False,Sibusiso Molefe,950516XXXX029,Cleaner,ST-03,day,45,Permanent
E1031,2026-06-08,42.25,0.0,False,Musa Molefe,840221XXXX030,Driver,ST-05,day,45,Permanent
E1031,2026-06-15,47.75,2.75,False,Musa Molefe,840221XXXX030,Driver,ST-05,day,45,Permanent
E1031,2026-06-22,43.25,0.0,False,Musa Molefe,840221XXXX030,Driver,ST-05,day,45,Permanent
E1031,2026-06-29,41.25,0.0,False,Musa Molefe,840221XXXX030,Driver,ST-05,day,45,Permanent
E1031,2026-07-06,43.75,0.0,False,Musa Molefe,840221XXXX030,Driver,ST-05,day,45,Permanent
E1031,2026-07-13,43.0,0.0,False,Musa Molefe,840221XXXX030,Driver,ST-05,day,45,Permanent
E1031,2026-07-20,35.0,0.0,False,Musa Molefe,840221XXXX030,Driver,ST-05,day,45,Permanent
E1031,2026-07-27,46.75,1.75,False,Musa Molefe,840221XXXX030,Driver,ST-05,day,45,Permanent
E1031,2026-08-03,42.75,0.0,False,Musa Molefe,840221XXXX030,Driver,ST-05,day,45,Permanent
E1031,2026-08-10,30.0,0.0,False,Musa Molefe,840221XXXX030,Driver,ST-05,day,45,Permanent
E1032,2026-06-08,40.75,0.0,False,Chantal Ndlovu,811006XXXX031,Kitchen Assistant,ST-01,day,45,Fixed-term
E1032,2026-06-15,51.5,6.5,False,Chantal Ndlovu,811006XXXX031,Kitchen Assistant,ST-01,day,45,Fixed-term
E1032,2026-06-22,55.5,10.5,True,Chantal Ndlovu,811006XXXX031,Kitchen Assistant,ST-01,day,45,Fixed-term
E1032,2026-06-29,27.5,0.0,False,Chantal Ndlovu,811006XXXX031,Kitchen Assistant,ST-01,day,45,Fixed-term
E1032,2026-07-06,41.0,0.0,False,Chantal Ndlovu,811006XXXX031,Kitchen Assistant,ST-01,day,45,Fixed-term
E1032,2026-07-13,39.5,0.0,False,Chantal Ndlovu,811006XXXX031,Kitchen Assistant,ST-01,day,45,Fixed-term
E1032,2026-07-20,54.0,9.0,False,Chantal Ndlovu,811006XXXX031,Kitchen Assistant,ST-01,day,45,Fixed-term
E1032,2026-07-27,54.75,9.75,False,Chantal Ndlovu,811006XXXX031,Kitchen Assistant,ST-01,day,45,Fixed-term
E1032,2026-08-03,51.25,6.25,False,Chantal Ndlovu,811006XXXX031,Kitchen Assistant,ST-01,day,45,Fixed-term
E1032,2026-08-10,27.25,0.0,False,Chantal Ndlovu,811006XXXX031,Kitchen Assistant,ST-01,day,45,Fixed-term
E1033,2026-06-08,44.5,0.0,False,Pieter Pillay,910212XXXX032,Supervisor,ST-01,day,45,Fixed-term
E1033,2026-06-15,47.5,2.5,False,Pieter Pillay,910212XXXX032,Supervisor,ST-01,day,45,Fixed-term
E1033,2026-06-22,44.5,0.0,False,Pieter Pillay,910212XXXX032,Supervisor,ST-01,day,45,Fixed-term
E1033,2026-06-29,45.25,0.25,False,Pieter Pillay,910212XXXX032,Supervisor,ST-01,day,45,Fixed-term
E1033,2026-07-06,43.75,0.0,False,Pieter Pillay,910212XXXX032,Supervisor,ST-01,day,45,Fixed-term
E1033,2026-07-13,44.75,0.0,False,Pieter Pillay,910212XXXX032,Supervisor,ST-01,day,45,Fixed-term
E1033,2026-07-20,40.75,0.0,False,Pieter Pillay,910212XXXX032,Supervisor,ST-01,day,45,Fixed-term
E1033,2026-07-27,41.75,0.0,False,Pieter Pillay,910212XXXX032,Supervisor,ST-01,day,45,Fixed-term
E1033,2026-08-03,44.25,0.0,False,Pieter Pillay,910212XXXX032,Supervisor,ST-01,day,45,Fixed-term
E1033,2026-08-10,9.75,0.0,False,Pieter Pillay,910212XXXX032,Supervisor,ST-01,day,45,Fixed-term
E1034,2026-06-08,40.0,0.0,False,Sanele Fourie,040525XXXX033,Driver,ST-02,day,45,Fixed-term
E1034,2026-06-15,45.5,0.5,False,Sanele Fourie,040525XXXX033,Driver,ST-02,day,45,Fixed-term
E1034,2026-06-22,27.5,0.0,False,Sanele Fourie,040525XXXX033,Driver,ST-02,day,45,Fixed-term
E1034,2026-06-29,41.75,0.0,False,Sanele Fourie,040525XXXX033,Driver,ST-02,day,45,Fixed-term
E1034,2026-07-06,51.0,6.0,False,Sanele Fourie,040525XXXX033,Driver,ST-02,day,45,Fixed-term
E1034,2026-07-13,44.0,0.0,False,Sanele Fourie,040525XXXX033,Driver,ST-02,day,45,Fixed-term
E1034,2026-07-20,45.0,0.0,False,Sanele Fourie,040525XXXX033,Driver,ST-02,day,45,Fixed-term
E1034,2026-07-27,41.75,0.0,False,Sanele Fourie,040525XXXX033,Driver,ST-02,day,45,Fixed-term
E1034,2026-08-03,51.25,6.25,False,Sanele Fourie,040525XXXX033,Driver,ST-02,day,45,Fixed-term
E1034,2026-08-10,10.0,0.0,False,Sanele Fourie,040525XXXX033,Driver,ST-02,day,45,Fixed-term
E1035,2026-06-08,35.25,0.0,False,Tshepo Motaung,030204XXXX034,Security Guard,ST-01,day,45,Permanent
E1035,2026-06-15,29.75,0.0,False,Tshepo Motaung,030204XXXX034,Security Guard,ST-01,day,45,Permanent
E1035,2026-06-22,31.0,0.0,False,Tshepo Motaung,030204XXXX034,Security Guard,ST-01,day,45,Permanent
E1035,2026-06-29,18.5,0.0,False,Tshepo Motaung,030204XXXX034,Security Guard,ST-01,day,45,Permanent
E1035,2026-07-06,13.0,0.0,False,Tshepo Motaung,030204XXXX034,Security Guard,ST-01,day,45,Permanent
E1035,2026-07-13,27.5,0.0,False,Tshepo Motaung,030204XXXX034,Security Guard,ST-01,day,45,Permanent
E1035,2026-07-20,27.5,0.0,False,Tshepo Motaung,030204XXXX034,Security Guard,ST-01,day,45,Permanent
E1035,2026-07-27,29.0,0.0,False,Tshepo Motaung,030204XXXX034,Security Guard,ST-01,day,45,Permanent
E1035,2026-08-03,33.0,0.0,False,Tshepo Motaung,030204XXXX034,Security Guard,ST-01,day,45,Permanent
E1035,2026-08-10,12.5,0.0,False,Tshepo Motaung,030204XXXX034,Security Guard,ST-01,day,45,Permanent
E1036,2026-06-08,27.5,0.0,False,T. Motaung,030204XXXX034,Security Guard,ST-03,day,45,Fixed-term
E1036,2026-06-15,24.75,0.0,False,T. Motaung,030204XXXX034,Security Guard,ST-03,day,45,Fixed-term
E1036,2026-06-22,30.25,0.0,False,T. Motaung,030204XXXX034,Security Guard,ST-03,day,45,Fixed-term
E1036,2026-06-29,22.75,0.0,False,T. Motaung,030204XXXX034,Security Guard,ST-03,day,45,Fixed-term
E1036,2026-07-06,27.25,0.0,False,T. Motaung,030204XXXX034,Security Guard,ST-03,day,45,Fixed-term
E1036,2026-07-13,25.0,0.0,False,T. Motaung,030204XXXX034,Security Guard,ST-03,day,45,Fixed-term
E1036,2026-07-20,32.0,0.0,False,T. Motaung,030204XXXX034,Security Guard,ST-03,day,45,Fixed-term
E1036,2026-07-27,22.75,0.0,False,T. Motaung,030204XXXX034,Security Guard,ST-03,day,45,Fixed-term
E1036,2026-08-03,27.25,0.0,False,T. Motaung,030204XXXX034,Security Guard,ST-03,day,45,Fixed-term
E1036,2026-08-10,22.0,0.0,False,T. Motaung,030204XXXX034,Security Guard,ST-03,day,45,Fixed-term
E1037,2026-06-08,37.0,0.0,False,Sipho Nkosi,750605XXXX035,Security Guard,ST-03,night,45,Fixed-term
E1037,2026-06-15,38.0,0.0,False,Sipho Nkosi,750605XXXX035,Security Guard,ST-03,night,45,Fixed-term
E1037,2026-06-22,36.75,0.0,False,Sipho Nkosi,750605XXXX035,Security Guard,ST-03,night,45,Fixed-term
E1037,2026-06-29,36.25,0.0,False,Sipho Nkosi,750605XXXX035,Security Guard,ST-03,night,45,Fixed-term
E1037,2026-07-06,35.5,0.0,False,Sipho Nkosi,750605XXXX035,Security Guard,ST-03,night,45,Fixed-term
E1037,2026-07-13,38.25,0.0,False,Sipho Nkosi,750605XXXX035,Security Guard,ST-03,night,45,Fixed-term
E1037,2026-07-20,36.0,0.0,False,Sipho Nkosi,750605XXXX035,Security Guard,ST-03,night,45,Fixed-term
E1037,2026-07-27,34.25,0.0,False,Sipho Nkosi,750605XXXX035,Security Guard,ST-03,night,45,Fixed-term
E1037,2026-08-03,38.75,0.0,False,Sipho Nkosi,750605XXXX035,Security Guard,ST-03,night,45,Fixed-term
E1037,2026-08-10,12.25,0.0,False,Sipho Nkosi,750605XXXX035,Security Guard,ST-03,night,45,Fixed-term
E1038,2026-06-08,39.0,0.0,False,Tshepo Molefe,031128XXXX036,Security Guard,ST-06,day,45,Fixed-term
E1038,2026-06-15,37.0,0.0,False,Tshepo Molefe,031128XXXX036,Security Guard,ST-06,day,45,Fixed-term
E1038,2026-06-22,28.5,0.0,False,Tshepo Molefe,031128XXXX036,Security Guard,ST-06,day,45,Fixed-term
E1038,2026-06-29,36.5,0.0,False,Tshepo Molefe,031128XXXX036,Security Guard,ST-06,day,45,Fixed-term
E1038,2026-07-06,35.0,0.0,False,Tshepo Molefe,031128XXXX036,Security Guard,ST-06,day,45,Fixed-term
E1038,2026-07-13,28.25,0.0,False,Tshepo Molefe,031128XXXX036,Security Guard,ST-06,day,45,Fixed-term
E1038,2026-07-20,30.0,0.0,False,Tshepo Molefe,031128XXXX036,Security Guard,ST-06,day,45,Fixed-term
E1038,2026-07-27,35.75,0.0,False,Tshepo Molefe,031128XXXX036,Security Guard,ST-06,day,45,Fixed-term
E1038,2026-08-03,20.5,0.0,False,Tshepo Molefe,031128XXXX036,Security Guard,ST-06,day,45,Fixed-term
E1038,2026-08-10,34.75,0.0,False,Tshepo Molefe,031128XXXX036,Security Guard,ST-06,day,45,Fixed-term
E1039,2026-06-08,49.5,4.5,False,Pieter Naidoo,021215XXXX037,Kitchen Assistant,ST-04,day,45,Permanent
E1039,2026-06-15,48.5,3.5,False,Pieter Naidoo,021215XXXX037,Kitchen Assistant,ST-04,day,45,Permanent
E1039,2026-06-22,56.25,11.25,True,Pieter Naidoo,021215XXXX037,Kitchen Assistant,ST-04,day,45,Permanent
E1039,2026-06-29,45.0,0.0,False,Pieter Naidoo,021215XXXX037,Kitchen Assistant,ST-04,day,45,Permanent
E1039,2026-07-06,61.5,16.5,True,Pieter Naidoo,021215XXXX037,Kitchen Assistant,ST-04,day,45,Permanent
E1039,2026-07-13,60.0,15.0,True,Pieter Naidoo,021215XXXX037,Kitchen Assistant,ST-04,day,45,Permanent
E1039,2026-07-20,55.75,10.75,True,Pieter Naidoo,021215XXXX037,Kitchen Assistant,ST-04,day,45,Permanent
E1039,2026-07-27,48.0,3.0,False,Pieter Naidoo,021215XXXX037,Kitchen Assistant,ST-04,day,45,Permanent
E1039,2026-08-03,49.75,4.75,False,Pieter Naidoo,021215XXXX037,Kitchen Assistant,ST-04,day,45,Permanent
E1039,2026-08-10,25.5,0.0,False,Pieter Naidoo,021215XXXX037,Kitchen Assistant,ST-04,day,45,Permanent
E1040,2026-06-08,50.0,5.0,False,Sindiswa Naidoo,870314XXXX038,Supervisor,ST-03,day,45,Permanent
E1040,2026-06-15,48.75,3.75,False,Sindiswa Naidoo,870314XXXX038,Supervisor,ST-03,day,45,Permanent
E1040,2026-06-22,41.75,0.0,False,Sindiswa Naidoo,870314XXXX038,Supervisor,ST-03,day,45,Permanent
E1040,2026-06-29,40.25,0.0,False,Sindiswa Naidoo,870314XXXX038,Supervisor,ST-03,day,45,Permanent
E1040,2026-07-06,58.25,13.25,True,Sindiswa Naidoo,870314XXXX038,Supervisor,ST-03,day,45,Permanent
E1040,2026-07-13,35.75,0.0,False,Sindiswa Naidoo,870314XXXX038,Supervisor,ST-03,day,45,Permanent
E1040,2026-07-20,44.5,0.0,False,Sindiswa Naidoo,870314XXXX038,Supervisor,ST-03,day,45,Permanent
E1040,2026-07-27,44.25,0.0,False,Sindiswa Naidoo,870314XXXX038,Supervisor,ST-03,day,45,Permanent
E1040,2026-08-03,45.25,0.25,False,Sindiswa Naidoo,870314XXXX038,Supervisor,ST-03,day,45,Permanent
E1040,2026-08-10,19.75,0.0,False,Sindiswa Naidoo,870314XXXX038,Supervisor,ST-03,day,45,Permanent
E1041,2026-06-08,46.5,1.5,False,Yusuf Mavuso,020515XXXX039,Driver,ST-03,day,45,Permanent
E1041,2026-06-15,44.5,0.0,False,Yusuf Mavuso,020515XXXX039,Driver,ST-03,day,45,Permanent
E1041,2026-06-22,42.75,0.0,False,Yusuf Mavuso,020515XXXX039,Driver,ST-03,day,45,Permanent
E1041,2026-06-29,40.75,0.0,False,Yusuf Mavuso,020515XXXX039,Driver,ST-03,day,45,Permanent
E1041,2026-07-06,41.0,0.0,False,Yusuf Mavuso,020515XXXX039,Driver,ST-03,day,45,Permanent
E1041,2026-07-13,39.75,0.0,False,Yusuf Mavuso,020515XXXX039,Driver,ST-03,day,45,Permanent
E1041,2026-07-20,54.0,9.0,False,Yusuf Mavuso,020515XXXX039,Driver,ST-03,day,45,Permanent
E1041,2026-07-27,41.75,0.0,False,Yusuf Mavuso,020515XXXX039,Driver,ST-03,day,45,Permanent
E1041,2026-08-03,41.75,0.0,False,Yusuf Mavuso,020515XXXX039,Driver,ST-03,day,45,Permanent
E1041,2026-08-10,20.0,0.0,False,Yusuf Mavuso,020515XXXX039,Driver,ST-03,day,45,Permanent
E1042,2026-06-08,49.25,4.25,False,Pieter Khumalo,860809XXXX040,Security Guard,ST-03,day,45,Fixed-term
E1042,2026-06-15,59.5,14.5,True,Pieter Khumalo,860809XXXX040,Security Guard,ST-03,day,45,Fixed-term
E1042,2026-06-22,49.25,4.25,False,Pieter Khumalo,860809XXXX040,Security Guard,ST-03,day,45,Fixed-term
E1042,2026-06-29,48.0,3.0,False,Pieter Khumalo,860809XXXX040,Security Guard,ST-03,day,45,Fixed-term
E1042,2026-07-06,44.25,0.0,False,Pieter Khumalo,860809XXXX040,Security Guard,ST-03,day,45,Fixed-term
E1042,2026-07-13,44.5,0.0,False,Pieter Khumalo,860809XXXX040,Security Guard,ST-03,day,45,Fixed-term
E1042,2026-07-20,42.5,0.0,False,Pieter Khumalo,860809XXXX040,Security Guard,ST-03,day,45,Fixed-term
E1042,2026-07-27,56.0,11.0,True,Pieter Khumalo,860809XXXX040,Security Guard,ST-03,day,45,Fixed-term
E1042,2026-08-03,44.5,0.0,False,Pieter Khumalo,860809XXXX040,Security Guard,ST-03,day,45,Fixed-term
E1042,2026-08-10,36.25,0.0,False,Pieter Khumalo,860809XXXX040,Security Guard,ST-03,day,45,Fixed-term
E1043,2026-06-08,40.5,0.0,False,Portia Sithole,950223XXXX041,Kitchen Assistant,ST-03,day,45,Permanent
E1043,2026-06-15,46.75,1.75,False,Portia Sithole,950223XXXX041,Kitchen Assistant,ST-03,day,45,Permanent
E1043,2026-06-22,52.0,7.0,False,Portia Sithole,950223XXXX041,Kitchen Assistant,ST-03,day,45,Permanent
E1043,2026-06-29,40.0,0.0,False,Portia Sithole,950223XXXX041,Kitchen Assistant,ST-03,day,45,Permanent
E1043,2026-07-06,46.0,1.0,False,Portia Sithole,950223XXXX041,Kitchen Assistant,ST-03,day,45,Permanent
E1043,2026-07-13,45.75,0.75,False,Portia Sithole,950223XXXX041,Kitchen Assistant,ST-03,day,45,Permanent
E1043,2026-07-20,43.0,0.0,False,Portia Sithole,950223XXXX041,Kitchen Assistant,ST-03,day,45,Permanent
E1043,2026-07-27,41.75,0.0,False,Portia Sithole,950223XXXX041,Kitchen Assistant,ST-03,day,45,Permanent
E1043,2026-08-03,43.0,0.0,False,Portia Sithole,950223XXXX041,Kitchen Assistant,ST-03,day,45,Permanent
E1043,2026-08-10,18.5,0.0,False,Portia Sithole,950223XXXX041,Kitchen Assistant,ST-03,day,45,Permanent
E1044,2026-06-08,42.75,0.0,False,Mandla Sithole,700821XXXX042,Security Guard,ST-02,night,45,Fixed-term
E1044,2026-06-15,55.0,10.0,False,Mandla Sithole,700821XXXX042,Security Guard,ST-02,night,45,Fixed-term
E1044,2026-06-22,50.25,5.25,False,Mandla Sithole,700821XXXX042,Security Guard,ST-02,night,45,Fixed-term
E1044,2026-06-29,56.25,11.25,True,Mandla Sithole,700821XXXX042,Security Guard,ST-02,night,45,Fixed-term
E1044,2026-07-06,48.25,3.25,False,Mandla Sithole,700821XXXX042,Security Guard,ST-02,night,45,Fixed-term
E1044,2026-07-13,49.75,4.75,False,Mandla Sithole,700821XXXX042,Security Guard,ST-02,night,45,Fixed-term
E1044,2026-07-20,54.75,9.75,False,Mandla Sithole,700821XXXX042,Security Guard,ST-02,night,45,Fixed-term
E1044,2026-07-27,47.25,2.25,False,Mandla Sithole,700821XXXX042,Security Guard,ST-02,night,45,Fixed-term
E1044,2026-08-03,36.75,0.0,False,Mandla Sithole,700821XXXX042,Security Guard,ST-02,night,45,Fixed-term
E1044,2026-08-10,36.0,0.0,False,Mandla Sithole,700821XXXX042,Security Guard,ST-02,night,45,Fixed-term
E1045,2026-06-08,44.0,0.0,False,Dineo Mavuso,800123XXXX043,Kitchen Assistant,ST-05,day,45,Permanent
E1045,2026-06-15,42.75,0.0,False,Dineo Mavuso,800123XXXX043,Kitchen Assistant,ST-05,day,45,Permanent
E1045,2026-06-22,44.0,0.0,False,Dineo Mavuso,800123XXXX043,Kitchen Assistant,ST-05,day,45,Permanent
E1045,2026-06-29,43.0,0.0,False,Dineo Mavuso,800123XXXX043,Kitchen Assistant,ST-05,day,45,Permanent
E1045,2026-07-06,45.25,0.25,False,Dineo Mavuso,800123XXXX043,Kitchen Assistant,ST-05,day,45,Permanent
E1045,2026-07-13,44.75,0.0,False,Dineo Mavuso,800123XXXX043,Kitchen Assistant,ST-05,day,45,Permanent
E1045,2026-07-20,51.75,6.75,False,Dineo Mavuso,800123XXXX043,Kitchen Assistant,ST-05,day,45,Permanent
E1045,2026-07-27,54.75,9.75,False,Dineo Mavuso,800123XXXX043,Kitchen Assistant,ST-05,day,45,Permanent
E1045,2026-08-03,55.0,10.0,False,Dineo Mavuso,800123XXXX043,Kitchen Assistant,ST-05,day,45,Permanent
E1045,2026-08-10,28.0,0.0,False,Dineo Mavuso,800123XXXX043,Kitchen Assistant,ST-05,day,45,Permanent
E1046,2026-06-08,43.25,0.0,False,Lindiwe Mabaso,020217XXXX044,Cleaner,ST-03,day,45,Permanent
E1046,2026-06-15,42.75,0.0,False,Lindiwe Mabaso,020217XXXX044,Cleaner,ST-03,day,45,Permanent
E1046,2026-06-22,49.5,4.5,False,Lindiwe Mabaso,020217XXXX044,Cleaner,ST-03,day,45,Permanent
E1046,2026-06-29,37.0,0.0,False,Lindiwe Mabaso,020217XXXX044,Cleaner,ST-03,day,45,Permanent
E1046,2026-07-06,40.25,0.0,False,Lindiwe Mabaso,020217XXXX044,Cleaner,ST-03,day,45,Permanent
E1046,2026-07-13,38.25,0.0,False,Lindiwe Mabaso,020217XXXX044,Cleaner,ST-03,day,45,Permanent
E1046,2026-07-20,40.25,0.0,False,Lindiwe Mabaso,020217XXXX044,Cleaner,ST-03,day,45,Permanent
E1046,2026-07-27,42.0,0.0,False,Lindiwe Mabaso,020217XXXX044,Cleaner,ST-03,day,45,Permanent
E1046,2026-08-03,42.5,0.0,False,Lindiwe Mabaso,020217XXXX044,Cleaner,ST-03,day,45,Permanent
E1046,2026-08-10,18.25,0.0,False,Lindiwe Mabaso,020217XXXX044,Cleaner,ST-03,day,45,Permanent
E1047,2026-06-08,42.5,0.0,False,Riaan Tshabalala,830204XXXX045,Driver,ST-06,day,45,Fixed-term
E1047,2026-06-15,42.0,0.0,False,Riaan Tshabalala,830204XXXX045,Driver,ST-06,day,45,Fixed-term
E1047,2026-06-22,42.0,0.0,False,Riaan Tshabalala,830204XXXX045,Driver,ST-06,day,45,Fixed-term
E1047,2026-06-29,42.5,0.0,False,Riaan Tshabalala,830204XXXX045,Driver,ST-06,day,45,Fixed-term
E1047,2026-07-06,42.25,0.0,False,Riaan Tshabalala,830204XXXX045,Driver,ST-06,day,45,Fixed-term
E1047,2026-07-13,41.0,0.0,False,Riaan Tshabalala,830204XXXX045,Driver,ST-06,day,45,Fixed-term
E1047,2026-07-20,46.0,1.0,False,Riaan Tshabalala,830204XXXX045,Driver,ST-06,day,45,Fixed-term
E1047,2026-07-27,42.5,0.0,False,Riaan Tshabalala,830204XXXX045,Driver,ST-06,day,45,Fixed-term
E1047,2026-08-03,41.5,0.0,False,Riaan Tshabalala,830204XXXX045,Driver,ST-06,day,45,Fixed-term
E1047,2026-08-10,29.75,0.0,False,Riaan Tshabalala,830204XXXX045,Driver,ST-06,day,45,Fixed-term
E1048,2026-06-08,32.0,0.0,False,Neo Ngcobo,040327XXXX046,Supervisor,ST-01,day,45,Permanent
E1048,2026-06-15,44.25,0.0,False,Neo Ngcobo,040327XXXX046,Supervisor,ST-01,day,45,Permanent
E1048,2026-06-22,46.75,1.75,False,Neo Ngcobo,040327XXXX046,Supervisor,ST-01,day,45,Permanent
E1048,2026-06-29,44.0,0.0,False,Neo Ngcobo,040327XXXX046,Supervisor,ST-01,day,45,Permanent
E1048,2026-07-06,42.75,0.0,False,Neo Ngcobo,040327XXXX046,Supervisor,ST-01,day,45,Permanent
E1048,2026-07-13,40.5,0.0,False,Neo Ngcobo,040327XXXX046,Supervisor,ST-01,day,45,Permanent
E1048,2026-07-20,46.25,1.25,False,Neo Ngcobo,040327XXXX046,Supervisor,ST-01,day,45,Permanent
E1048,2026-07-27,43.75,0.0,False,Neo Ngcobo,040327XXXX046,Supervisor,ST-01,day,45,Permanent
E1048,2026-08-03,35.25,0.0,False,Neo Ngcobo,040327XXXX046,Supervisor,ST-01,day,45,Permanent
E1048,2026-08-10,27.5,0.0,False,Neo Ngcobo,040327XXXX046,Supervisor,ST-01,day,45,Permanent
E1049,2026-06-08,42.0,0.0,False,Anele Mahlangu,020409XXXX047,Supervisor,ST-01,day,45,Permanent
E1049,2026-06-15,48.0,3.0,False,Anele Mahlangu,020409XXXX047,Supervisor,ST-01,day,45,Permanent
E1049,2026-06-22,49.25,4.25,False,Anele Mahlangu,020409XXXX047,Supervisor,ST-01,day,45,Permanent
E1049,2026-06-29,41.5,0.0,False,Anele Mahlangu,020409XXXX047,Supervisor,ST-01,day,45,Permanent
E1049,2026-07-06,42.25,0.0,False,Anele Mahlangu,020409XXXX047,Supervisor,ST-01,day,45,Permanent
E1049,2026-07-13,45.5,0.5,False,Anele Mahlangu,020409XXXX047,Supervisor,ST-01,day,45,Permanent
E1049,2026-07-20,45.0,0.0,False,Anele Mahlangu,020409XXXX047,Supervisor,ST-01,day,45,Permanent
E1049,2026-07-27,39.25,0.0,False,Anele Mahlangu,020409XXXX047,Supervisor,ST-01,day,45,Permanent
E1049,2026-08-03,41.25,0.0,False,Anele Mahlangu,020409XXXX047,Supervisor,ST-01,day,45,Permanent
E1049,2026-08-10,18.75,0.0,False,Anele Mahlangu,020409XXXX047,Supervisor,ST-01,day,45,Permanent
E1050,2026-06-08,44.75,0.0,False,Precious Mthembu,961116XXXX048,Security Guard,ST-01,day,45,Permanent
E1050,2026-06-15,50.5,5.5,False,Precious Mthembu,961116XXXX048,Security Guard,ST-01,day,45,Permanent
E1050,2026-06-22,36.5,0.0,False,Precious Mthembu,961116XXXX048,Security Guard,ST-01,day,45,Permanent
E1050,2026-06-29,36.0,0.0,False,Precious Mthembu,961116XXXX048,Security Guard,ST-01,day,45,Permanent
E1050,2026-07-06,45.0,0.0,False,Precious Mthembu,961116XXXX048,Security Guard,ST-01,day,45,Permanent
E1050,2026-07-13,43.25,0.0,False,Precious Mthembu,961116XXXX048,Security Guard,ST-01,day,45,Permanent
E1050,2026-07-20,37.75,0.0,False,Precious Mthembu,961116XXXX048,Security Guard,ST-01,day,45,Permanent
E1050,2026-07-27,49.5,4.5,False,Precious Mthembu,961116XXXX048,Security Guard,ST-01,day,45,Permanent
E1050,2026-08-03,36.75,0.0,False,Precious Mthembu,961116XXXX048,Security Guard,ST-01,day,45,Permanent
E1050,2026-08-10,36.25,0.0,False,Precious Mthembu,961116XXXX048,Security Guard,ST-01,day,45,Permanent
E1051,2026-06-08,44.75,0.0,False,Johannes Mavuso,920618XXXX049,Kitchen Assistant,ST-06,day,45,Fixed-term
E1051,2026-06-15,52.0,7.0,False,Johannes Mavuso,920618XXXX049,Kitchen Assistant,ST-06,day,45,Fixed-term
E1051,2026-06-22,46.75,1.75,False,Johannes Mavuso,920618XXXX049,Kitchen Assistant,ST-06,day,45,Fixed-term
E1051,2026-06-29,41.75,0.0,False,Johannes Mavuso,920618XXXX049,Kitchen Assistant,ST-06,day,45,Fixed-term
E1051,2026-07-06,41.5,0.0,False,Johannes Mavuso,920618XXXX049,Kitchen Assistant,ST-06,day,45,Fixed-term
E1051,2026-07-13,39.5,0.0,False,Johannes Mavuso,920618XXXX049,Kitchen Assistant,ST-06,day,45,Fixed-term
E1051,2026-07-20,40.75,0.0,False,Johannes Mavuso,920618XXXX049,Kitchen Assistant,ST-06,day,45,Fixed-term
E1051,2026-07-27,41.0,0.0,False,Johannes Mavuso,920618XXXX049,Kitchen Assistant,ST-06,day,45,Fixed-term
E1051,2026-08-03,41.0,0.0,False,Johannes Mavuso,920618XXXX049,Kitchen Assistant,ST-06,day,45,Fixed-term
E1051,2026-08-10,26.25,0.0,False,Johannes Mavuso,920618XXXX049,Kitchen Assistant,ST-06,day,45,Fixed-term
E1052,2026-06-08,47.25,2.25,False,Pieter Mabaso,750806XXXX050,Supervisor,ST-01,day,45,Permanent
E1052,2026-06-15,39.5,0.0,False,Pieter Mabaso,750806XXXX050,Supervisor,ST-01,day,45,Permanent
E1052,2026-06-22,41.75,0.0,False,Pieter Mabaso,750806XXXX050,Supervisor,ST-01,day,45,Permanent
E1052,2026-06-29,44.25,0.0,False,Pieter Mabaso,750806XXXX050,Supervisor,ST-01,day,45,Permanent
E1052,2026-07-06,43.75,0.0,False,Pieter Mabaso,750806XXXX050,Supervisor,ST-01,day,45,Permanent
E1052,2026-07-13,43.25,0.0,False,Pieter Mabaso,750806XXXX050,Supervisor,ST-01,day,45,Permanent
E1052,2026-07-20,38.25,0.0,False,Pieter Mabaso,750806XXXX050,Supervisor,ST-01,day,45,Permanent
E1052,2026-07-27,41.25,0.0,False,Pieter Mabaso,750806XXXX050,Supervisor,ST-01,day,45,Permanent
E1052,2026-08-03,40.75,0.0,False,Pieter Mabaso,750806XXXX050,Supervisor,ST-01,day,45,Permanent
E1052,2026-08-10,20.25,0.0,False,Pieter Mabaso,750806XXXX050,Supervisor,ST-01,day,45,Permanent
E1053,2026-06-08,37.75,0.0,False,Precious Fourie,850726XXXX051,Security Guard,ST-01,night,45,Permanent
E1053,2026-06-15,37.75,0.0,False,Precious Fourie,850726XXXX051,Security Guard,ST-01,night,45,Permanent
E1053,2026-06-22,38.75,0.0,False,Precious Fourie,850726XXXX051,Security Guard,ST-01,night,45,Permanent
E1053,2026-06-29,35.75,0.0,False,Precious Fourie,850726XXXX051,Security Guard,ST-01,night,45,Permanent
E1053,2026-07-06,35.0,0.0,False,Precious Fourie,850726XXXX051,Security Guard,ST-01,night,45,Permanent
E1053,2026-07-13,42.0,0.0,False,Precious Fourie,850726XXXX051,Security Guard,ST-01,night,45,Permanent
E1053,2026-07-20,48.5,3.5,False,Precious Fourie,850726XXXX051,Security Guard,ST-01,night,45,Permanent
E1053,2026-07-27,37.25,0.0,False,Precious Fourie,850726XXXX051,Security Guard,ST-01,night,45,Permanent
E1053,2026-08-03,42.0,0.0,False,Precious Fourie,850726XXXX051,Security Guard,ST-01,night,45,Permanent
E1053,2026-08-10,12.5,0.0,False,Precious Fourie,850726XXXX051,Security Guard,ST-01,night,45,Permanent
E1054,2026-06-08,38.75,0.0,False,Thabo Motaung,710312XXXX052,Kitchen Assistant,ST-03,day,45,Fixed-term
E1054,2026-06-15,39.5,0.0,False,Thabo Motaung,710312XXXX052,Kitchen Assistant,ST-03,day,45,Fixed-term
E1054,2026-06-22,37.75,0.0,False,Thabo Motaung,710312XXXX052,Kitchen Assistant,ST-03,day,45,Fixed-term
E1054,2026-06-29,42.25,0.0,False,Thabo Motaung,710312XXXX052,Kitchen Assistant,ST-03,day,45,Fixed-term
E1054,2026-07-06,40.75,0.0,False,Thabo Motaung,710312XXXX052,Kitchen Assistant,ST-03,day,45,Fixed-term
E1054,2026-07-13,32.0,0.0,False,Thabo Motaung,710312XXXX052,Kitchen Assistant,ST-03,day,45,Fixed-term
E1054,2026-07-20,43.75,0.0,False,Thabo Motaung,710312XXXX052,Kitchen Assistant,ST-03,day,45,Fixed-term
E1054,2026-07-27,39.25,0.0,False,Thabo Motaung,710312XXXX052,Kitchen Assistant,ST-03,day,45,Fixed-term
E1054,2026-08-03,37.75,0.0,False,Thabo Motaung,710312XXXX052,Kitchen Assistant,ST-03,day,45,Fixed-term
E1054,2026-08-10,25.0,0.0,False,Thabo Motaung,710312XXXX052,Kitchen Assistant,ST-03,day,45,Fixed-term
E1055,2026-06-08,24.5,0.0,False,Lindiwe Nkosi,771123XXXX053,Security Guard,ST-06,night,45,Fixed-term
E1055,2026-06-15,36.75,0.0,False,Lindiwe Nkosi,771123XXXX053,Security Guard,ST-06,night,45,Fixed-term
E1055,2026-06-22,48.75,3.75,False,Lindiwe Nkosi,771123XXXX053,Security Guard,ST-06,night,45,Fixed-term
E1055,2026-06-29,52.25,7.25,False,Lindiwe Nkosi,771123XXXX053,Security Guard,ST-06,night,45,Fixed-term
E1055,2026-07-06,50.75,5.75,False,Lindiwe Nkosi,771123XXXX053,Security Guard,ST-06,night,45,Fixed-term
E1055,2026-07-13,42.25,0.0,False,Lindiwe Nkosi,771123XXXX053,Security Guard,ST-06,night,45,Fixed-term
E1055,2026-07-20,42.0,0.0,False,Lindiwe Nkosi,771123XXXX053,Security Guard,ST-06,night,45,Fixed-term
E1055,2026-07-27,26.0,0.0,False,Lindiwe Nkosi,771123XXXX053,Security Guard,ST-06,night,45,Fixed-term
E1055,2026-08-03,37.75,0.0,False,Lindiwe Nkosi,771123XXXX053,Security Guard,ST-06,night,45,Fixed-term
E1055,2026-08-10,24.5,0.0,False,Lindiwe Nkosi,771123XXXX053,Security Guard,ST-06,night,45,Fixed-term
E1056,2026-06-08,45.75,0.75,False,Sindiswa Khumalo,840420XXXX054,Supervisor,ST-03,day,45,Permanent
E1056,2026-06-15,45.75,0.75,False,Sindiswa Khumalo,840420XXXX054,Supervisor,ST-03,day,45,Permanent
E1056,2026-06-22,56.75,11.75,True,Sindiswa Khumalo,840420XXXX054,Supervisor,ST-03,day,45,Permanent
E1056,2026-06-29,43.0,0.0,False,Sindiswa Khumalo,840420XXXX054,Supervisor,ST-03,day,45,Permanent
E1056,2026-07-06,47.5,2.5,False,Sindiswa Khumalo,840420XXXX054,Supervisor,ST-03,day,45,Permanent
E1056,2026-07-13,53.75,8.75,False,Sindiswa Khumalo,840420XXXX054,Supervisor,ST-03,day,45,Permanent
E1056,2026-07-20,48.75,3.75,False,Sindiswa Khumalo,840420XXXX054,Supervisor,ST-03,day,45,Permanent
E1056,2026-07-27,40.0,0.0,False,Sindiswa Khumalo,840420XXXX054,Supervisor,ST-03,day,45,Permanent
E1056,2026-08-03,44.0,0.0,False,Sindiswa Khumalo,840420XXXX054,Supervisor,ST-03,day,45,Permanent
E1056,2026-08-10,20.0,0.0,False,Sindiswa Khumalo,840420XXXX054,Supervisor,ST-03,day,45,Permanent
E1057,2026-06-08,41.25,0.0,False,Bongani Dlamini,890520XXXX055,Driver,ST-01,day,45,Permanent
E1057,2026-06-15,42.75,0.0,False,Bongani Dlamini,890520XXXX055,Driver,ST-01,day,45,Permanent
E1057,2026-06-22,43.75,0.0,False,Bongani Dlamini,890520XXXX055,Driver,ST-01,day,45,Permanent
E1057,2026-06-29,44.25,0.0,False,Bongani Dlamini,890520XXXX055,Driver,ST-01,day,45,Permanent
E1057,2026-07-06,42.0,0.0,False,Bongani Dlamini,890520XXXX055,Driver,ST-01,day,45,Permanent
E1057,2026-07-13,48.25,3.25,False,Bongani Dlamini,890520XXXX055,Driver,ST-01,day,45,Permanent
E1057,2026-07-20,38.75,0.0,False,Bongani Dlamini,890520XXXX055,Driver,ST-01,day,45,Permanent
E1057,2026-07-27,51.75,6.75,False,Bongani Dlamini,890520XXXX055,Driver,ST-01,day,45,Permanent
E1057,2026-08-03,43.5,0.0,False,Bongani Dlamini,890520XXXX055,Driver,ST-01,day,45,Permanent
E1057,2026-08-10,20.25,0.0,False,Bongani Dlamini,890520XXXX055,Driver,ST-01,day,45,Permanent
E1058,2026-06-08,44.75,0.0,False,Ayanda Naidoo,811002XXXX056,Supervisor,ST-04,day,45,Permanent
E1058,2026-06-15,45.25,0.25,False,Ayanda Naidoo,811002XXXX056,Supervisor,ST-04,day,45,Permanent
E1058,2026-06-22,41.75,0.0,False,Ayanda Naidoo,811002XXXX056,Supervisor,ST-04,day,45,Permanent
E1058,2026-06-29,41.25,0.0,False,Ayanda Naidoo,811002XXXX056,Supervisor,ST-04,day,45,Permanent
E1058,2026-07-06,42.5,0.0,False,Ayanda Naidoo,811002XXXX056,Supervisor,ST-04,day,45,Permanent
E1058,2026-07-13,43.0,0.0,False,Ayanda Naidoo,811002XXXX056,Supervisor,ST-04,day,45,Permanent
E1058,2026-07-20,45.25,0.25,False,Ayanda Naidoo,811002XXXX056,Supervisor,ST-04,day,45,Permanent
E1058,2026-07-27,43.75,0.0,False,Ayanda Naidoo,811002XXXX056,Supervisor,ST-04,day,45,Permanent
E1058,2026-08-03,45.25,0.25,False,Ayanda Naidoo,811002XXXX056,Supervisor,ST-04,day,45,Permanent
E1058,2026-08-10,28.75,0.0,False,Ayanda Naidoo,811002XXXX056,Supervisor,ST-04,day,45,Permanent
E1059,2026-06-08,44.75,0.0,False,Kagiso Radebe,761012XXXX057,Kitchen Assistant,ST-05,day,45,Fixed-term
E1059,2026-06-15,43.75,0.0,False,Kagiso Radebe,761012XXXX057,Kitchen Assistant,ST-05,day,45,Fixed-term
E1059,2026-06-22,42.75,0.0,False,Kagiso Radebe,761012XXXX057,Kitchen Assistant,ST-05,day,45,Fixed-term
E1059,2026-06-29,47.0,2.0,False,Kagiso Radebe,761012XXXX057,Kitchen Assistant,ST-05,day,45,Fixed-term
E1059,2026-07-06,41.75,0.0,False,Kagiso Radebe,761012XXXX057,Kitchen Assistant,ST-05,day,45,Fixed-term
E1059,2026-07-13,45.75,0.75,False,Kagiso Radebe,761012XXXX057,Kitchen Assistant,ST-05,day,45,Fixed-term
E1059,2026-07-20,43.75,0.0,False,Kagiso Radebe,761012XXXX057,Kitchen Assistant,ST-05,day,45,Fixed-term
E1059,2026-07-27,44.5,0.0,False,Kagiso Radebe,761012XXXX057,Kitchen Assistant,ST-05,day,45,Fixed-term
E1059,2026-08-03,40.0,0.0,False,Kagiso Radebe,761012XXXX057,Kitchen Assistant,ST-05,day,45,Fixed-term
E1059,2026-08-10,25.75,0.0,False,Kagiso Radebe,761012XXXX057,Kitchen Assistant,ST-05,day,45,Fixed-term
E1060,2026-06-08,45.0,0.0,False,Gift Naidoo,720612XXXX058,Supervisor,ST-02,day,45,Permanent
E1060,2026-06-15,37.5,0.0,False,Gift Naidoo,720612XXXX058,Supervisor,ST-02,day,45,Permanent
E1060,2026-06-22,48.5,3.5,False,Gift Naidoo,720612XXXX058,Supervisor,ST-02,day,45,Permanent
E1060,2026-06-29,44.75,0.0,False,Gift Naidoo,720612XXXX058,Supervisor,ST-02,day,45,Permanent
E1060,2026-07-06,42.25,0.0,False,Gift Naidoo,720612XXXX058,Supervisor,ST-02,day,45,Permanent
E1060,2026-07-13,38.75,0.0,False,Gift Naidoo,720612XXXX058,Supervisor,ST-02,day,45,Permanent
E1060,2026-07-20,51.0,6.0,False,Gift Naidoo,720612XXXX058,Supervisor,ST-02,day,45,Permanent
E1060,2026-07-27,41.5,0.0,False,Gift Naidoo,720612XXXX058,Supervisor,ST-02,day,45,Permanent
E1060,2026-08-03,36.5,0.0,False,Gift Naidoo,720612XXXX058,Supervisor,ST-02,day,45,Permanent
E1060,2026-08-10,19.0,0.0,False,Gift Naidoo,720612XXXX058,Supervisor,ST-02,day,45,Permanent
E1061,2026-06-08,51.0,6.0,False,Pieter Baloyi,020118XXXX059,Supervisor,ST-01,day,45,Permanent
E1061,2026-06-15,50.25,5.25,False,Pieter Baloyi,020118XXXX059,Supervisor,ST-01,day,45,Permanent
E1061,2026-06-22,48.75,3.75,False,Pieter Baloyi,020118XXXX059,Supervisor,ST-01,day,45,Permanent
E1061,2026-06-29,55.5,10.5,True,Pieter Baloyi,020118XXXX059,Supervisor,ST-01,day,45,Permanent
E1061,2026-07-06,55.25,10.25,True,Pieter Baloyi,020118XXXX059,Supervisor,ST-01,day,45,Permanent
E1061,2026-07-13,49.5,4.5,False,Pieter Baloyi,020118XXXX059,Supervisor,ST-01,day,45,Permanent
E1061,2026-07-20,58.75,13.75,True,Pieter Baloyi,020118XXXX059,Supervisor,ST-01,day,45,Permanent
E1061,2026-07-27,44.75,0.0,False,Pieter Baloyi,020118XXXX059,Supervisor,ST-01,day,45,Permanent
E1061,2026-08-03,50.5,5.5,False,Pieter Baloyi,020118XXXX059,Supervisor,ST-01,day,45,Permanent
E1061,2026-08-10,28.25,0.0,False,Pieter Baloyi,020118XXXX059,Supervisor,ST-01,day,45,Permanent
E1062,2026-06-08,40.0,0.0,False,Bongani Maluleke,040308XXXX060,Driver,ST-05,day,45,Permanent
E1062,2026-06-15,35.75,0.0,False,Bongani Maluleke,040308XXXX060,Driver,ST-05,day,45,Permanent
E1062,2026-06-22,41.0,0.0,False,Bongani Maluleke,040308XXXX060,Driver,ST-05,day,45,Permanent
E1062,2026-06-29,38.25,0.0,False,Bongani Maluleke,040308XXXX060,Driver,ST-05,day,45,Permanent
E1062,2026-07-06,36.75,0.0,False,Bongani Maluleke,040308XXXX060,Driver,ST-05,day,45,Permanent
E1062,2026-07-13,39.75,0.0,False,Bongani Maluleke,040308XXXX060,Driver,ST-05,day,45,Permanent
E1062,2026-07-20,38.5,0.0,False,Bongani Maluleke,040308XXXX060,Driver,ST-05,day,45,Permanent
E1062,2026-07-27,50.75,5.75,False,Bongani Maluleke,040308XXXX060,Driver,ST-05,day,45,Permanent
E1062,2026-08-03,42.25,0.0,False,Bongani Maluleke,040308XXXX060,Driver,ST-05,day,45,Permanent
E1062,2026-08-10,19.25,0.0,False,Bongani Maluleke,040308XXXX060,Driver,ST-05,day,45,Permanent
E1063,2026-06-08,45.0,0.0,False,Dineo Ndlovu,031019XXXX061,Driver,ST-05,day,45,Permanent
E1063,2026-06-15,43.25,0.0,False,Dineo Ndlovu,031019XXXX061,Driver,ST-05,day,45,Permanent
E1063,2026-06-22,47.0,2.0,False,Dineo Ndlovu,031019XXXX061,Driver,ST-05,day,45,Permanent
E1063,2026-06-29,45.25,0.25,False,Dineo Ndlovu,031019XXXX061,Driver,ST-05,day,45,Permanent
E1063,2026-07-06,46.25,1.25,False,Dineo Ndlovu,031019XXXX061,Driver,ST-05,day,45,Permanent
E1063,2026-07-13,41.5,0.0,False,Dineo Ndlovu,031019XXXX061,Driver,ST-05,day,45,Permanent
E1063,2026-07-20,55.5,10.5,True,Dineo Ndlovu,031019XXXX061,Driver,ST-05,day,45,Permanent
E1063,2026-07-27,46.25,1.25,False,Dineo Ndlovu,031019XXXX061,Driver,ST-05,day,45,Permanent
E1063,2026-08-03,20.25,0.0,False,Dineo Ndlovu,031019XXXX061,Driver,ST-05,day,45,Permanent
E1063,2026-08-10,28.75,0.0,False,Dineo Ndlovu,031019XXXX061,Driver,ST-05,day,45,Permanent
E1064,2026-06-08,36.25,0.0,False,Nokuthula Manuel,040812XXXX062,Kitchen Assistant,ST-04,day,45,Permanent
E1064,2026-06-15,38.75,0.0,False,Nokuthula Manuel,040812XXXX062,Kitchen Assistant,ST-04,day,45,Permanent
E1064,2026-06-22,35.75,0.0,False,Nokuthula Manuel,040812XXXX062,Kitchen Assistant,ST-04,day,45,Permanent
E1064,2026-06-29,34.25,0.0,False,Nokuthula Manuel,040812XXXX062,Kitchen Assistant,ST-04,day,45,Permanent
E1064,2026-07-06,35.25,0.0,False,Nokuthula Manuel,040812XXXX062,Kitchen Assistant,ST-04,day,45,Permanent
E1064,2026-07-13,39.25,0.0,False,Nokuthula Manuel,040812XXXX062,Kitchen Assistant,ST-04,day,45,Permanent
E1064,2026-07-20,38.0,0.0,False,Nokuthula Manuel,040812XXXX062,Kitchen Assistant,ST-04,day,45,Permanent
E1064,2026-07-27,37.75,0.0,False,Nokuthula Manuel,040812XXXX062,Kitchen Assistant,ST-04,day,45,Permanent
E1064,2026-08-03,47.5,2.5,False,Nokuthula Manuel,040812XXXX062,Kitchen Assistant,ST-04,day,45,Permanent
E1064,2026-08-10,9.0,0.0,False,Nokuthula Manuel,040812XXXX062,Kitchen Assistant,ST-04,day,45,Permanent
E1065,2026-06-08,25.0,0.0,False,Anele Motaung,041203XXXX063,Security Guard,ST-03,night,45,Fixed-term
E1065,2026-06-15,46.0,1.0,False,Anele Motaung,041203XXXX063,Security Guard,ST-03,night,45,Fixed-term
E1065,2026-06-22,42.75,0.0,False,Anele Motaung,041203XXXX063,Security Guard,ST-03,night,45,Fixed-term
E1065,2026-06-29,37.25,0.0,False,Anele Motaung,041203XXXX063,Security Guard,ST-03,night,45,Fixed-term
E1065,2026-07-06,35.5,0.0,False,Anele Motaung,041203XXXX063,Security Guard,ST-03,night,45,Fixed-term
E1065,2026-07-13,37.75,0.0,False,Anele Motaung,041203XXXX063,Security Guard,ST-03,night,45,Fixed-term
E1065,2026-07-20,37.75,0.0,False,Anele Motaung,041203XXXX063,Security Guard,ST-03,night,45,Fixed-term
E1065,2026-07-27,38.0,0.0,False,Anele Motaung,041203XXXX063,Security Guard,ST-03,night,45,Fixed-term
E1065,2026-08-03,43.0,0.0,False,Anele Motaung,041203XXXX063,Security Guard,ST-03,night,45,Fixed-term
E1065,2026-08-10,25.0,0.0,False,Anele Motaung,041203XXXX063,Security Guard,ST-03,night,45,Fixed-term
E1066,2026-06-08,40.75,0.0,False,Zanele Mavuso,850822XXXX064,Supervisor,ST-05,day,45,Permanent
E1066,2026-06-15,40.5,0.0,False,Zanele Mavuso,850822XXXX064,Supervisor,ST-05,day,45,Permanent
E1066,2026-06-22,41.0,0.0,False,Zanele Mavuso,850822XXXX064,Supervisor,ST-05,day,45,Permanent
E1066,2026-06-29,42.5,0.0,False,Zanele Mavuso,850822XXXX064,Supervisor,ST-05,day,45,Permanent
E1066,2026-07-06,41.5,0.0,False,Zanele Mavuso,850822XXXX064,Supervisor,ST-05,day,45,Permanent
E1066,2026-07-13,43.0,0.0,False,Zanele Mavuso,850822XXXX064,Supervisor,ST-05,day,45,Permanent
E1066,2026-07-20,40.5,0.0,False,Zanele Mavuso,850822XXXX064,Supervisor,ST-05,day,45,Permanent
E1066,2026-07-27,52.25,7.25,False,Zanele Mavuso,850822XXXX064,Supervisor,ST-05,day,45,Permanent
E1066,2026-08-03,36.0,0.0,False,Zanele Mavuso,850822XXXX064,Supervisor,ST-05,day,45,Permanent
E1066,2026-08-10,28.25,0.0,False,Zanele Mavuso,850822XXXX064,Supervisor,ST-05,day,45,Permanent
E1067,2026-06-08,41.75,0.0,False,Zodwa Dlamini,000327XXXX065,Supervisor,ST-06,day,45,Permanent
E1067,2026-06-15,57.0,12.0,True,Zodwa Dlamini,000327XXXX065,Supervisor,ST-06,day,45,Permanent
E1067,2026-06-22,49.5,4.5,False,Zodwa Dlamini,000327XXXX065,Supervisor,ST-06,day,45,Permanent
E1067,2026-06-29,43.5,0.0,False,Zodwa Dlamini,000327XXXX065,Supervisor,ST-06,day,45,Permanent
E1067,2026-07-06,47.5,2.5,False,Zodwa Dlamini,000327XXXX065,Supervisor,ST-06,day,45,Permanent
E1067,2026-07-13,47.5,2.5,False,Zodwa Dlamini,000327XXXX065,Supervisor,ST-06,day,45,Permanent
E1067,2026-07-20,42.0,0.0,False,Zodwa Dlamini,000327XXXX065,Supervisor,ST-06,day,45,Permanent
E1067,2026-07-27,45.0,0.0,False,Zodwa Dlamini,000327XXXX065,Supervisor,ST-06,day,45,Permanent
E1067,2026-08-03,42.75,0.0,False,Zodwa Dlamini,000327XXXX065,Supervisor,ST-06,day,45,Permanent
E1067,2026-08-10,27.25,0.0,False,Zodwa Dlamini,000327XXXX065,Supervisor,ST-06,day,45,Permanent
E1068,2026-06-08,46.75,1.75,False,Nomsa Hendricks,041223XXXX066,Supervisor,ST-01,day,45,Permanent
E1068,2026-06-15,48.75,3.75,False,Nomsa Hendricks,041223XXXX066,Supervisor,ST-01,day,45,Permanent
E1068,2026-06-22,41.5,0.0,False,Nomsa Hendricks,041223XXXX066,Supervisor,ST-01,day,45,Permanent
E1068,2026-06-29,46.0,1.0,False,Nomsa Hendricks,041223XXXX066,Supervisor,ST-01,day,45,Permanent
E1068,2026-07-06,42.75,0.0,False,Nomsa Hendricks,041223XXXX066,Supervisor,ST-01,day,45,Permanent
E1068,2026-07-13,44.5,0.0,False,Nomsa Hendricks,041223XXXX066,Supervisor,ST-01,day,45,Permanent
E1068,2026-07-20,43.25,0.0,False,Nomsa Hendricks,041223XXXX066,Supervisor,ST-01,day,45,Permanent
E1068,2026-07-27,46.25,1.25,False,Nomsa Hendricks,041223XXXX066,Supervisor,ST-01,day,45,Permanent
E1068,2026-08-03,39.75,0.0,False,Nomsa Hendricks,041223XXXX066,Supervisor,ST-01,day,45,Permanent
E1068,2026-08-10,26.75,0.0,False,Nomsa Hendricks,041223XXXX066,Supervisor,ST-01,day,45,Permanent
E1069,2026-06-08,48.75,3.75,False,Sanele Sibiya,720409XXXX067,Security Guard,ST-05,day,45,Fixed-term
E1069,2026-06-15,45.75,0.75,False,Sanele Sibiya,720409XXXX067,Security Guard,ST-05,day,45,Fixed-term
E1069,2026-06-22,46.0,1.0,False,Sanele Sibiya,720409XXXX067,Security Guard,ST-05,day,45,Fixed-term
E1069,2026-06-29,43.5,0.0,False,Sanele Sibiya,720409XXXX067,Security Guard,ST-05,day,45,Fixed-term
E1069,2026-07-06,38.5,0.0,False,Sanele Sibiya,720409XXXX067,Security Guard,ST-05,day,45,Fixed-term
E1069,2026-07-13,43.0,0.0,False,Sanele Sibiya,720409XXXX067,Security Guard,ST-05,day,45,Fixed-term
E1069,2026-07-20,50.0,5.0,False,Sanele Sibiya,720409XXXX067,Security Guard,ST-05,day,45,Fixed-term
E1069,2026-07-27,38.0,0.0,False,Sanele Sibiya,720409XXXX067,Security Guard,ST-05,day,45,Fixed-term
E1069,2026-08-03,43.5,0.0,False,Sanele Sibiya,720409XXXX067,Security Guard,ST-05,day,45,Fixed-term
E1069,2026-08-10,24.5,0.0,False,Sanele Sibiya,720409XXXX067,Security Guard,ST-05,day,45,Fixed-term
E1070,2026-06-08,36.5,0.0,False,Refilwe Van Wyk,011004XXXX068,Security Guard,ST-05,night,45,Permanent
E1070,2026-06-15,46.25,1.25,False,Refilwe Van Wyk,011004XXXX068,Security Guard,ST-05,night,45,Permanent
E1070,2026-06-22,43.25,0.0,False,Refilwe Van Wyk,011004XXXX068,Security Guard,ST-05,night,45,Permanent
E1070,2026-06-29,37.25,0.0,False,Refilwe Van Wyk,011004XXXX068,Security Guard,ST-05,night,45,Permanent
E1070,2026-07-06,48.5,3.5,False,Refilwe Van Wyk,011004XXXX068,Security Guard,ST-05,night,45,Permanent
E1070,2026-07-13,49.0,4.0,False,Refilwe Van Wyk,011004XXXX068,Security Guard,ST-05,night,45,Permanent
E1070,2026-07-20,51.25,6.25,False,Refilwe Van Wyk,011004XXXX068,Security Guard,ST-05,night,45,Permanent
E1070,2026-07-27,45.75,0.75,False,Refilwe Van Wyk,011004XXXX068,Security Guard,ST-05,night,45,Permanent
E1070,2026-08-03,31.75,0.0,False,Refilwe Van Wyk,011004XXXX068,Security Guard,ST-05,night,45,Permanent
E1070,2026-08-10,11.25,0.0,False,Refilwe Van Wyk,011004XXXX068,Security Guard,ST-05,night,45,Permanent
E1071,2026-06-08,42.0,0.0,False,Sibusiso Mokoena,040924XXXX069,Supervisor,ST-02,day,45,Permanent
E1071,2026-06-15,42.5,0.0,False,Sibusiso Mokoena,040924XXXX069,Supervisor,ST-02,day,45,Permanent
E1071,2026-06-22,55.0,10.0,False,Sibusiso Mokoena,040924XXXX069,Supervisor,ST-02,day,45,Permanent
E1071,2026-06-29,40.75,0.0,False,Sibusiso Mokoena,040924XXXX069,Supervisor,ST-02,day,45,Permanent
E1071,2026-07-06,50.25,5.25,False,Sibusiso Mokoena,040924XXXX069,Supervisor,ST-02,day,45,Permanent
E1071,2026-07-13,37.25,0.0,False,Sibusiso Mokoena,040924XXXX069,Supervisor,ST-02,day,45,Permanent
E1071,2026-07-20,42.0,0.0,False,Sibusiso Mokoena,040924XXXX069,Supervisor,ST-02,day,45,Permanent
E1071,2026-07-27,54.5,9.5,False,Sibusiso Mokoena,040924XXXX069,Supervisor,ST-02,day,45,Permanent
E1071,2026-08-03,55.0,10.0,False,Sibusiso Mokoena,040924XXXX069,Supervisor,ST-02,day,45,Permanent
E1071,2026-08-10,9.5,0.0,False,Sibusiso Mokoena,040924XXXX069,Supervisor,ST-02,day,45,Permanent
E1072,2026-06-08,38.0,0.0,False,Elrico Ndlovu,000225XXXX070,Driver,ST-06,day,45,Permanent
E1072,2026-06-15,43.0,0.0,False,Elrico Ndlovu,000225XXXX070,Driver,ST-06,day,45,Permanent
E1072,2026-06-22,42.0,0.0,False,Elrico Ndlovu,000225XXXX070,Driver,ST-06,day,45,Permanent
E1072,2026-06-29,34.5,0.0,False,Elrico Ndlovu,000225XXXX070,Driver,ST-06,day,45,Permanent
E1072,2026-07-06,42.5,0.0,False,Elrico Ndlovu,000225XXXX070,Driver,ST-06,day,45,Permanent
E1072,2026-07-13,41.0,0.0,False,Elrico Ndlovu,000225XXXX070,Driver,ST-06,day,45,Permanent
E1072,2026-07-20,36.25,0.0,False,Elrico Ndlovu,000225XXXX070,Driver,ST-06,day,45,Permanent
E1072,2026-07-27,39.0,0.0,False,Elrico Ndlovu,000225XXXX070,Driver,ST-06,day,45,Permanent
E1072,2026-08-03,39.0,0.0,False,Elrico Ndlovu,000225XXXX070,Driver,ST-06,day,45,Permanent
E1072,2026-08-10,19.75,0.0,False,Elrico Ndlovu,000225XXXX070,Driver,ST-06,day,45,Permanent
E1073,2026-06-08,42.25,0.0,False,Charmaine Hendricks,970102XXXX071,Driver,ST-01,day,45,Permanent
E1073,2026-06-15,48.25,3.25,False,Charmaine Hendricks,970102XXXX071,Driver,ST-01,day,45,Permanent
E1073,2026-06-22,41.0,0.0,False,Charmaine Hendricks,970102XXXX071,Driver,ST-01,day,45,Permanent
E1073,2026-06-29,43.5,0.0,False,Charmaine Hendricks,970102XXXX071,Driver,ST-01,day,45,Permanent
E1073,2026-07-06,45.0,0.0,False,Charmaine Hendricks,970102XXXX071,Driver,ST-01,day,45,Permanent
E1073,2026-07-13,45.75,0.75,False,Charmaine Hendricks,970102XXXX071,Driver,ST-01,day,45,Permanent
E1073,2026-07-20,43.0,0.0,False,Charmaine Hendricks,970102XXXX071,Driver,ST-01,day,45,Permanent
E1073,2026-07-27,43.5,0.0,False,Charmaine Hendricks,970102XXXX071,Driver,ST-01,day,45,Permanent
E1073,2026-08-03,41.75,0.0,False,Charmaine Hendricks,970102XXXX071,Driver,ST-01,day,45,Permanent
E1073,2026-08-10,19.25,0.0,False,Charmaine Hendricks,970102XXXX071,Driver,ST-01,day,45,Permanent
E1074,2026-06-08,50.0,5.0,False,Lucky Mahlangu,010714XXXX072,Cleaner,ST-05,day,45,Fixed-term
E1074,2026-06-15,49.75,4.75,False,Lucky Mahlangu,010714XXXX072,Cleaner,ST-05,day,45,Fixed-term
E1074,2026-06-22,41.75,0.0,False,Lucky Mahlangu,010714XXXX072,Cleaner,ST-05,day,45,Fixed-term
E1074,2026-06-29,42.5,0.0,False,Lucky Mahlangu,010714XXXX072,Cleaner,ST-05,day,45,Fixed-term
E1074,2026-07-06,49.25,4.25,False,Lucky Mahlangu,010714XXXX072,Cleaner,ST-05,day,45,Fixed-term
E1074,2026-07-13,46.0,1.0,False,Lucky Mahlangu,010714XXXX072,Cleaner,ST-05,day,45,Fixed-term
E1074,2026-07-20,42.25,0.0,False,Lucky Mahlangu,010714XXXX072,Cleaner,ST-05,day,45,Fixed-term
E1074,2026-07-27,43.0,0.0,False,Lucky Mahlangu,010714XXXX072,Cleaner,ST-05,day,45,Fixed-term
E1074,2026-08-03,42.25,0.0,False,Lucky Mahlangu,010714XXXX072,Cleaner,ST-05,day,45,Fixed-term
E1074,2026-08-10,28.0,0.0,False,Lucky Mahlangu,010714XXXX072,Cleaner,ST-05,day,45,Fixed-term
E1075,2026-06-08,43.5,0.0,False,Sibusiso Botha,741021XXXX073,Kitchen Assistant,ST-06,day,45,Permanent
E1075,2026-06-15,45.5,0.5,False,Sibusiso Botha,741021XXXX073,Kitchen Assistant,ST-06,day,45,Permanent
E1075,2026-06-22,44.75,0.0,False,Sibusiso Botha,741021XXXX073,Kitchen Assistant,ST-06,day,45,Permanent
E1075,2026-06-29,44.0,0.0,False,Sibusiso Botha,741021XXXX073,Kitchen Assistant,ST-06,day,45,Permanent
E1075,2026-07-06,57.25,12.25,True,Sibusiso Botha,741021XXXX073,Kitchen Assistant,ST-06,day,45,Permanent
E1075,2026-07-13,45.0,0.0,False,Sibusiso Botha,741021XXXX073,Kitchen Assistant,ST-06,day,45,Permanent
E1075,2026-07-20,43.75,0.0,False,Sibusiso Botha,741021XXXX073,Kitchen Assistant,ST-06,day,45,Permanent
E1075,2026-07-27,43.5,0.0,False,Sibusiso Botha,741021XXXX073,Kitchen Assistant,ST-06,day,45,Permanent
E1075,2026-08-03,43.0,0.0,False,Sibusiso Botha,741021XXXX073,Kitchen Assistant,ST-06,day,45,Permanent
E1075,2026-08-10,27.0,0.0,False,Sibusiso Botha,741021XXXX073,Kitchen Assistant,ST-06,day,45,Permanent
E1076,2026-06-08,40.75,0.0,False,Yusuf Mabaso,040222XXXX074,Kitchen Assistant,ST-03,day,45,Permanent
E1076,2026-06-15,43.75,0.0,False,Yusuf Mabaso,040222XXXX074,Kitchen Assistant,ST-03,day,45,Permanent
E1076,2026-06-22,42.25,0.0,False,Yusuf Mabaso,040222XXXX074,Kitchen Assistant,ST-03,day,45,Permanent
E1076,2026-06-29,43.0,0.0,False,Yusuf Mabaso,040222XXXX074,Kitchen Assistant,ST-03,day,45,Permanent
E1076,2026-07-06,41.0,0.0,False,Yusuf Mabaso,040222XXXX074,Kitchen Assistant,ST-03,day,45,Permanent
E1076,2026-07-13,42.0,0.0,False,Yusuf Mabaso,040222XXXX074,Kitchen Assistant,ST-03,day,45,Permanent
E1076,2026-07-20,42.5,0.0,False,Yusuf Mabaso,040222XXXX074,Kitchen Assistant,ST-03,day,45,Permanent
E1076,2026-07-27,44.75,0.0,False,Yusuf Mabaso,040222XXXX074,Kitchen Assistant,ST-03,day,45,Permanent
E1076,2026-08-03,41.5,0.0,False,Yusuf Mabaso,040222XXXX074,Kitchen Assistant,ST-03,day,45,Permanent
E1076,2026-08-10,9.5,0.0,False,Yusuf Mabaso,040222XXXX074,Kitchen Assistant,ST-03,day,45,Permanent
E1077,2026-06-08,43.75,0.0,False,Nadia Van Wyk,010221XXXX075,Security Guard,ST-04,night,45,Permanent
E1077,2026-06-15,49.0,4.0,False,Nadia Van Wyk,010221XXXX075,Security Guard,ST-04,night,45,Permanent
E1077,2026-06-22,48.75,3.75,False,Nadia Van Wyk,010221XXXX075,Security Guard,ST-04,night,45,Permanent
E1077,2026-06-29,35.5,0.0,False,Nadia Van Wyk,010221XXXX075,Security Guard,ST-04,night,45,Permanent
E1077,2026-07-06,52.5,7.5,False,Nadia Van Wyk,010221XXXX075,Security Guard,ST-04,night,45,Permanent
E1077,2026-07-13,49.75,4.75,False,Nadia Van Wyk,010221XXXX075,Security Guard,ST-04,night,45,Permanent
E1077,2026-07-20,37.0,0.0,False,Nadia Van Wyk,010221XXXX075,Security Guard,ST-04,night,45,Permanent
E1077,2026-07-27,46.25,1.25,False,Nadia Van Wyk,010221XXXX075,Security Guard,ST-04,night,45,Permanent
E1077,2026-08-03,47.25,2.25,False,Nadia Van Wyk,010221XXXX075,Security Guard,ST-04,night,45,Permanent
E1077,2026-08-10,12.25,0.0,False,Nadia Van Wyk,010221XXXX075,Security Guard,ST-04,night,45,Permanent
E1078,2026-06-08,38.0,0.0,False,Gift Khumalo,021101XXXX076,Security Guard,ST-03,night,45,Permanent
E1078,2026-06-15,44.5,0.0,False,Gift Khumalo,021101XXXX076,Security Guard,ST-03,night,45,Permanent
E1078,2026-06-22,45.0,0.0,False,Gift Khumalo,021101XXXX076,Security Guard,ST-03,night,45,Permanent
E1078,2026-06-29,37.5,0.0,False,Gift Khumalo,021101XXXX076,Security Guard,ST-03,night,45,Permanent
E1078,2026-07-06,36.5,0.0,False,Gift Khumalo,021101XXXX076,Security Guard,ST-03,night,45,Permanent
E1078,2026-07-13,24.75,0.0,False,Gift Khumalo,021101XXXX076,Security Guard,ST-03,night,45,Permanent
E1078,2026-07-20,43.25,0.0,False,Gift Khumalo,021101XXXX076,Security Guard,ST-03,night,45,Permanent
E1078,2026-07-27,44.75,0.0,False,Gift Khumalo,021101XXXX076,Security Guard,ST-03,night,45,Permanent
E1078,2026-08-03,25.0,0.0,False,Gift Khumalo,021101XXXX076,Security Guard,ST-03,night,45,Permanent
E1078,2026-08-10,13.0,0.0,False,Gift Khumalo,021101XXXX076,Security Guard,ST-03,night,45,Permanent
E1079,2026-06-08,47.75,2.75,False,Musa Sithole,001119XXXX077,Driver,ST-05,day,45,Permanent
E1079,2026-06-15,49.75,4.75,False,Musa Sithole,001119XXXX077,Driver,ST-05,day,45,Permanent
E1079,2026-06-22,47.25,2.25,False,Musa Sithole,001119XXXX077,Driver,ST-05,day,45,Permanent
E1079,2026-06-29,48.75,3.75,False,Musa Sithole,001119XXXX077,Driver,ST-05,day,45,Permanent
E1079,2026-07-06,48.25,3.25,False,Musa Sithole,001119XXXX077,Driver,ST-05,day,45,Permanent
E1079,2026-07-13,47.75,2.75,False,Musa Sithole,001119XXXX077,Driver,ST-05,day,45,Permanent
E1079,2026-07-20,43.0,0.0,False,Musa Sithole,001119XXXX077,Driver,ST-05,day,45,Permanent
E1079,2026-07-27,45.0,0.0,False,Musa Sithole,001119XXXX077,Driver,ST-05,day,45,Permanent
E1079,2026-08-03,45.5,0.5,False,Musa Sithole,001119XXXX077,Driver,ST-05,day,45,Permanent
E1079,2026-08-10,10.5,0.0,False,Musa Sithole,001119XXXX077,Driver,ST-05,day,45,Permanent
E1080,2026-06-08,40.25,0.0,False,Zodwa Motaung,790820XXXX078,Cleaner,ST-04,day,45,Permanent
E1080,2026-06-15,40.0,0.0,False,Zodwa Motaung,790820XXXX078,Cleaner,ST-04,day,45,Permanent
E1080,2026-06-22,40.75,0.0,False,Zodwa Motaung,790820XXXX078,Cleaner,ST-04,day,45,Permanent
E1080,2026-06-29,37.5,0.0,False,Zodwa Motaung,790820XXXX078,Cleaner,ST-04,day,45,Permanent
E1080,2026-07-06,52.5,7.5,False,Zodwa Motaung,790820XXXX078,Cleaner,ST-04,day,45,Permanent
E1080,2026-07-13,39.0,0.0,False,Zodwa Motaung,790820XXXX078,Cleaner,ST-04,day,45,Permanent
E1080,2026-07-20,37.25,0.0,False,Zodwa Motaung,790820XXXX078,Cleaner,ST-04,day,45,Permanent
E1080,2026-07-27,46.25,1.25,False,Zodwa Motaung,790820XXXX078,Cleaner,ST-04,day,45,Permanent
E1080,2026-08-03,36.25,0.0,False,Zodwa Motaung,790820XXXX078,Cleaner,ST-04,day,45,Permanent
E1080,2026-08-10,9.5,0.0,False,Zodwa Motaung,790820XXXX078,Cleaner,ST-04,day,45,Permanent
E1081,2026-06-08,47.25,2.25,False,Neo Sibiya,961224XXXX079,Security Guard,ST-04,night,45,Permanent
E1081,2026-06-15,36.75,0.0,False,Neo Sibiya,961224XXXX079,Security Guard,ST-04,night,45,Permanent
E1081,2026-06-22,36.75,0.0,False,Neo Sibiya,961224XXXX079,Security Guard,ST-04,night,45,Permanent
E1081,2026-06-29,35.5,0.0,False,Neo Sibiya,961224XXXX079,Security Guard,ST-04,night,45,Permanent
E1081,2026-07-06,36.25,0.0,False,Neo Sibiya,961224XXXX079,Security Guard,ST-04,night,45,Permanent
E1081,2026-07-13,37.25,0.0,False,Neo Sibiya,961224XXXX079,Security Guard,ST-04,night,45,Permanent
E1081,2026-07-20,36.25,0.0,False,Neo Sibiya,961224XXXX079,Security Guard,ST-04,night,45,Permanent
E1081,2026-07-27,35.0,0.0,False,Neo Sibiya,961224XXXX079,Security Guard,ST-04,night,45,Permanent
E1081,2026-08-03,33.75,0.0,False,Neo Sibiya,961224XXXX079,Security Guard,ST-04,night,45,Permanent
E1081,2026-08-10,14.75,0.0,False,Neo Sibiya,961224XXXX079,Security Guard,ST-04,night,45,Permanent
E1082,2026-06-08,37.75,0.0,False,Sindiswa Baloyi,711117XXXX080,Security Guard,ST-04,day,45,Fixed-term
E1082,2026-06-15,46.5,1.5,False,Sindiswa Baloyi,711117XXXX080,Security Guard,ST-04,day,45,Fixed-term
E1082,2026-06-22,43.0,0.0,False,Sindiswa Baloyi,711117XXXX080,Security Guard,ST-04,day,45,Fixed-term
E1082,2026-06-29,44.25,0.0,False,Sindiswa Baloyi,711117XXXX080,Security Guard,ST-04,day,45,Fixed-term
E1082,2026-07-06,34.25,0.0,False,Sindiswa Baloyi,711117XXXX080,Security Guard,ST-04,day,45,Fixed-term
E1082,2026-07-13,46.25,1.25,False,Sindiswa Baloyi,711117XXXX080,Security Guard,ST-04,day,45,Fixed-term
E1082,2026-07-20,46.5,1.5,False,Sindiswa Baloyi,711117XXXX080,Security Guard,ST-04,day,45,Fixed-term
E1082,2026-07-27,38.0,0.0,False,Sindiswa Baloyi,711117XXXX080,Security Guard,ST-04,day,45,Fixed-term
E1082,2026-08-03,44.25,0.0,False,Sindiswa Baloyi,711117XXXX080,Security Guard,ST-04,day,45,Fixed-term
E1082,2026-08-10,24.25,0.0,False,Sindiswa Baloyi,711117XXXX080,Security Guard,ST-04,day,45,Fixed-term
E1083,2026-06-08,38.0,0.0,False,Xolani Molefe,030503XXXX081,Security Guard,ST-05,night,45,Permanent
E1083,2026-06-15,44.75,0.0,False,Xolani Molefe,030503XXXX081,Security Guard,ST-05,night,45,Permanent
E1083,2026-06-22,32.25,0.0,False,Xolani Molefe,030503XXXX081,Security Guard,ST-05,night,45,Permanent
E1083,2026-06-29,38.0,0.0,False,Xolani Molefe,030503XXXX081,Security Guard,ST-05,night,45,Permanent
E1083,2026-07-06,37.75,0.0,False,Xolani Molefe,030503XXXX081,Security Guard,ST-05,night,45,Permanent
E1083,2026-07-13,37.25,0.0,False,Xolani Molefe,030503XXXX081,Security Guard,ST-05,night,45,Permanent
E1083,2026-07-20,43.5,0.0,False,Xolani Molefe,030503XXXX081,Security Guard,ST-05,night,45,Permanent
E1083,2026-07-27,31.0,0.0,False,Xolani Molefe,030503XXXX081,Security Guard,ST-05,night,45,Permanent
E1083,2026-08-03,42.5,0.0,False,Xolani Molefe,030503XXXX081,Security Guard,ST-05,night,45,Permanent
E1083,2026-08-10,10.5,0.0,False,Xolani Molefe,030503XXXX081,Security Guard,ST-05,night,45,Permanent
E1084,2026-06-08,44.75,0.0,False,Sanele Dlamini,000812XXXX082,Security Guard,ST-03,day,45,Permanent
E1084,2026-06-15,49.0,4.0,False,Sanele Dlamini,000812XXXX082,Security Guard,ST-03,day,45,Permanent
E1084,2026-06-22,43.5,0.0,False,Sanele Dlamini,000812XXXX082,Security Guard,ST-03,day,45,Permanent
E1084,2026-06-29,46.0,1.0,False,Sanele Dlamini,000812XXXX082,Security Guard,ST-03,day,45,Permanent
E1084,2026-07-06,32.75,0.0,False,Sanele Dlamini,000812XXXX082,Security Guard,ST-03,day,45,Permanent
E1084,2026-07-13,44.0,0.0,False,Sanele Dlamini,000812XXXX082,Security Guard,ST-03,day,45,Permanent
E1084,2026-07-20,35.5,0.0,False,Sanele Dlamini,000812XXXX082,Security Guard,ST-03,day,45,Permanent
E1084,2026-07-27,46.75,1.75,False,Sanele Dlamini,000812XXXX082,Security Guard,ST-03,day,45,Permanent
E1084,2026-08-03,46.0,1.0,False,Sanele Dlamini,000812XXXX082,Security Guard,ST-03,day,45,Permanent
E1084,2026-08-10,22.75,0.0,False,Sanele Dlamini,000812XXXX082,Security Guard,ST-03,day,45,Permanent
E1085,2026-06-08,43.0,0.0,False,Nadia Naidoo,011215XXXX083,Cleaner,ST-04,day,45,Permanent
E1085,2026-06-15,48.25,3.25,False,Nadia Naidoo,011215XXXX083,Cleaner,ST-04,day,45,Permanent
E1085,2026-06-22,45.0,0.0,False,Nadia Naidoo,011215XXXX083,Cleaner,ST-04,day,45,Permanent
E1085,2026-06-29,52.5,7.5,False,Nadia Naidoo,011215XXXX083,Cleaner,ST-04,day,45,Permanent
E1085,2026-07-06,40.5,0.0,False,Nadia Naidoo,011215XXXX083,Cleaner,ST-04,day,45,Permanent
E1085,2026-07-13,48.0,3.0,False,Nadia Naidoo,011215XXXX083,Cleaner,ST-04,day,45,Permanent
E1085,2026-07-20,42.5,0.0,False,Nadia Naidoo,011215XXXX083,Cleaner,ST-04,day,45,Permanent
E1085,2026-07-27,45.0,0.0,False,Nadia Naidoo,011215XXXX083,Cleaner,ST-04,day,45,Permanent
E1085,2026-08-03,34.5,0.0,False,Nadia Naidoo,011215XXXX083,Cleaner,ST-04,day,45,Permanent
E1085,2026-08-10,18.25,0.0,False,Nadia Naidoo,011215XXXX083,Cleaner,ST-04,day,45,Permanent
E1086,2026-06-08,59.0,14.0,True,Refilwe Nkosi,020324XXXX084,Security Guard,ST-03,night,45,Permanent
E1086,2026-06-15,49.25,4.25,False,Refilwe Nkosi,020324XXXX084,Security Guard,ST-03,night,45,Permanent
E1086,2026-06-22,43.25,0.0,False,Refilwe Nkosi,020324XXXX084,Security Guard,ST-03,night,45,Permanent
E1086,2026-06-29,56.0,11.0,True,Refilwe Nkosi,020324XXXX084,Security Guard,ST-03,night,45,Permanent
E1086,2026-07-06,48.5,3.5,False,Refilwe Nkosi,020324XXXX084,Security Guard,ST-03,night,45,Permanent
E1086,2026-07-13,48.75,3.75,False,Refilwe Nkosi,020324XXXX084,Security Guard,ST-03,night,45,Permanent
E1086,2026-07-20,49.75,4.75,False,Refilwe Nkosi,020324XXXX084,Security Guard,ST-03,night,45,Permanent
E1086,2026-07-27,34.25,0.0,False,Refilwe Nkosi,020324XXXX084,Security Guard,ST-03,night,45,Permanent
E1086,2026-08-03,56.5,11.5,True,Refilwe Nkosi,020324XXXX084,Security Guard,ST-03,night,45,Permanent
E1086,2026-08-10,12.0,0.0,False,Refilwe Nkosi,020324XXXX084,Security Guard,ST-03,night,45,Permanent
E1087,2026-06-08,35.5,0.0,False,Mandla Mthembu,000811XXXX085,Security Guard,ST-02,day,45,Permanent
E1087,2026-06-15,44.75,0.0,False,Mandla Mthembu,000811XXXX085,Security Guard,ST-02,day,45,Permanent
E1087,2026-06-22,34.5,0.0,False,Mandla Mthembu,000811XXXX085,Security Guard,ST-02,day,45,Permanent
E1087,2026-06-29,32.75,0.0,False,Mandla Mthembu,000811XXXX085,Security Guard,ST-02,day,45,Permanent
E1087,2026-07-06,58.25,13.25,True,Mandla Mthembu,000811XXXX085,Security Guard,ST-02,day,45,Permanent
E1087,2026-07-13,37.5,0.0,False,Mandla Mthembu,000811XXXX085,Security Guard,ST-02,day,45,Permanent
E1087,2026-07-20,47.5,2.5,False,Mandla Mthembu,000811XXXX085,Security Guard,ST-02,day,45,Permanent
E1087,2026-07-27,36.75,0.0,False,Mandla Mthembu,000811XXXX085,Security Guard,ST-02,day,45,Permanent
E1087,2026-08-03,43.75,0.0,False,Mandla Mthembu,000811XXXX085,Security Guard,ST-02,day,45,Permanent
E1087,2026-08-10,35.5,0.0,False,Mandla Mthembu,000811XXXX085,Security Guard,ST-02,day,45,Permanent
E1088,2026-06-08,48.75,3.75,False,Mpho Hendricks,920901XXXX086,Kitchen Assistant,ST-05,day,45,Fixed-term
E1088,2026-06-15,56.25,11.25,True,Mpho Hendricks,920901XXXX086,Kitchen Assistant,ST-05,day,45,Fixed-term
E1088,2026-06-22,46.5,1.5,False,Mpho Hendricks,920901XXXX086,Kitchen Assistant,ST-05,day,45,Fixed-term
E1088,2026-06-29,56.0,11.0,True,Mpho Hendricks,920901XXXX086,Kitchen Assistant,ST-05,day,45,Fixed-term
E1088,2026-07-06,36.0,0.0,False,Mpho Hendricks,920901XXXX086,Kitchen Assistant,ST-05,day,45,Fixed-term
E1088,2026-07-13,47.5,2.5,False,Mpho Hendricks,920901XXXX086,Kitchen Assistant,ST-05,day,45,Fixed-term
E1088,2026-07-20,50.5,5.5,False,Mpho Hendricks,920901XXXX086,Kitchen Assistant,ST-05,day,45,Fixed-term
E1088,2026-07-27,34.5,0.0,False,Mpho Hendricks,920901XXXX086,Kitchen Assistant,ST-05,day,45,Fixed-term
E1088,2026-08-03,50.25,5.25,False,Mpho Hendricks,920901XXXX086,Kitchen Assistant,ST-05,day,45,Fixed-term
E1088,2026-08-10,17.25,0.0,False,Mpho Hendricks,920901XXXX086,Kitchen Assistant,ST-05,day,45,Fixed-term
E1089,2026-06-08,39.5,0.0,False,Johannes Ngcobo,960720XXXX087,Kitchen Assistant,ST-02,day,45,Fixed-term
E1089,2026-06-15,44.0,0.0,False,Johannes Ngcobo,960720XXXX087,Kitchen Assistant,ST-02,day,45,Fixed-term
E1089,2026-06-22,39.75,0.0,False,Johannes Ngcobo,960720XXXX087,Kitchen Assistant,ST-02,day,45,Fixed-term
E1089,2026-06-29,50.5,5.5,False,Johannes Ngcobo,960720XXXX087,Kitchen Assistant,ST-02,day,45,Fixed-term
E1089,2026-07-06,45.0,0.0,False,Johannes Ngcobo,960720XXXX087,Kitchen Assistant,ST-02,day,45,Fixed-term
E1089,2026-07-13,40.5,0.0,False,Johannes Ngcobo,960720XXXX087,Kitchen Assistant,ST-02,day,45,Fixed-term
E1089,2026-07-20,43.0,0.0,False,Johannes Ngcobo,960720XXXX087,Kitchen Assistant,ST-02,day,45,Fixed-term
E1089,2026-07-27,43.25,0.0,False,Johannes Ngcobo,960720XXXX087,Kitchen Assistant,ST-02,day,45,Fixed-term
E1089,2026-08-03,43.0,0.0,False,Johannes Ngcobo,960720XXXX087,Kitchen Assistant,ST-02,day,45,Fixed-term
E1089,2026-08-10,29.0,0.0,False,Johannes Ngcobo,960720XXXX087,Kitchen Assistant,ST-02,day,45,Fixed-term
E1090,2026-06-08,31.75,0.0,False,Pieter Van Wyk,020922XXXX088,Cleaner,ST-05,day,45,Fixed-term
E1090,2026-06-15,25.75,0.0,False,Pieter Van Wyk,020922XXXX088,Cleaner,ST-05,day,45,Fixed-term
E1090,2026-06-22,24.0,0.0,False,Pieter Van Wyk,020922XXXX088,Cleaner,ST-05,day,45,Fixed-term
E1090,2026-06-29,28.75,0.0,False,Pieter Van Wyk,020922XXXX088,Cleaner,ST-05,day,45,Fixed-term
E1090,2026-07-06,28.25,0.0,False,Pieter Van Wyk,020922XXXX088,Cleaner,ST-05,day,45,Fixed-term
E1090,2026-07-13,29.0,0.0,False,Pieter Van Wyk,020922XXXX088,Cleaner,ST-05,day,45,Fixed-term
E1090,2026-07-20,30.25,0.0,False,Pieter Van Wyk,020922XXXX088,Cleaner,ST-05,day,45,Fixed-term
E1090,2026-07-27,29.25,0.0,False,Pieter Van Wyk,020922XXXX088,Cleaner,ST-05,day,45,Fixed-term
E1090,2026-08-03,22.5,0.0,False,Pieter Van Wyk,020922XXXX088,Cleaner,ST-05,day,45,Fixed-term
E1090,2026-08-10,8.75,0.0,False,Pieter Van Wyk,020922XXXX088,Cleaner,ST-05,day,45,Fixed-term
E1091,2026-06-08,35.0,0.0,False,P. Van Wyk,020922XXXX088,Cleaner,ST-06,day,45,Fixed-term
E1091,2026-06-15,30.75,0.0,False,P. Van Wyk,020922XXXX088,Cleaner,ST-06,day,45,Fixed-term
E1091,2026-06-22,30.25,0.0,False,P. Van Wyk,020922XXXX088,Cleaner,ST-06,day,45,Fixed-term
E1091,2026-06-29,30.0,0.0,False,P. Van Wyk,020922XXXX088,Cleaner,ST-06,day,45,Fixed-term
E1091,2026-07-06,29.5,0.0,False,P. Van Wyk,020922XXXX088,Cleaner,ST-06,day,45,Fixed-term
E1091,2026-07-13,24.5,0.0,False,P. Van Wyk,020922XXXX088,Cleaner,ST-06,day,45,Fixed-term
E1091,2026-07-20,33.25,0.0,False,P. Van Wyk,020922XXXX088,Cleaner,ST-06,day,45,Fixed-term
E1091,2026-07-27,24.0,0.0,False,P. Van Wyk,020922XXXX088,Cleaner,ST-06,day,45,Fixed-term
E1091,2026-08-03,30.75,0.0,False,P. Van Wyk,020922XXXX088,Cleaner,ST-06,day,45,Fixed-term
E1091,2026-08-10,19.75,0.0,False,P. Van Wyk,020922XXXX088,Cleaner,ST-06,day,45,Fixed-term
E1092,2026-06-08,41.5,0.0,False,Palesa Maluleke,040313XXXX089,Driver,ST-04,day,45,Permanent
E1092,2026-06-15,28.25,0.0,False,Palesa Maluleke,040313XXXX089,Driver,ST-04,day,45,Permanent
E1092,2026-06-22,34.0,0.0,False,Palesa Maluleke,040313XXXX089,Driver,ST-04,day,45,Permanent
E1092,2026-06-29,38.75,0.0,False,Palesa Maluleke,040313XXXX089,Driver,ST-04,day,45,Permanent
E1092,2026-07-06,35.5,0.0,False,Palesa Maluleke,040313XXXX089,Driver,ST-04,day,45,Permanent
E1092,2026-07-13,49.0,4.0,False,Palesa Maluleke,040313XXXX089,Driver,ST-04,day,45,Permanent
E1092,2026-07-20,37.25,0.0,False,Palesa Maluleke,040313XXXX089,Driver,ST-04,day,45,Permanent
E1092,2026-07-27,37.25,0.0,False,Palesa Maluleke,040313XXXX089,Driver,ST-04,day,45,Permanent
E1092,2026-08-03,40.0,0.0,False,Palesa Maluleke,040313XXXX089,Driver,ST-04,day,45,Permanent
E1092,2026-08-10,19.75,0.0,False,Palesa Maluleke,040313XXXX089,Driver,ST-04,day,45,Permanent
E1093,2026-06-08,44.75,0.0,False,Ayanda Botha,861206XXXX090,Supervisor,ST-02,day,45,Fixed-term
E1093,2026-06-15,47.0,2.0,False,Ayanda Botha,861206XXXX090,Supervisor,ST-02,day,45,Fixed-term
E1093,2026-06-22,39.25,0.0,False,Ayanda Botha,861206XXXX090,Supervisor,ST-02,day,45,Fixed-term
E1093,2026-06-29,40.5,0.0,False,Ayanda Botha,861206XXXX090,Supervisor,ST-02,day,45,Fixed-term
E1093,2026-07-06,39.75,0.0,False,Ayanda Botha,861206XXXX090,Supervisor,ST-02,day,45,Fixed-term
E1093,2026-07-13,41.0,0.0,False,Ayanda Botha,861206XXXX090,Supervisor,ST-02,day,45,Fixed-term
E1093,2026-07-20,40.0,0.0,False,Ayanda Botha,861206XXXX090,Supervisor,ST-02,day,45,Fixed-term
E1093,2026-07-27,40.75,0.0,False,Ayanda Botha,861206XXXX090,Supervisor,ST-02,day,45,Fixed-term
E1093,2026-08-03,37.25,0.0,False,Ayanda Botha,861206XXXX090,Supervisor,ST-02,day,45,Fixed-term
E1093,2026-08-10,9.25,0.0,False,Ayanda Botha,861206XXXX090,Supervisor,ST-02,day,45,Fixed-term
E1094,2026-06-08,43.25,0.0,False,Sarah Nkosi,720601XXXX091,Security Guard,ST-04,night,45,Permanent
E1094,2026-06-15,49.25,4.25,False,Sarah Nkosi,720601XXXX091,Security Guard,ST-04,night,45,Permanent
E1094,2026-06-22,47.0,2.0,False,Sarah Nkosi,720601XXXX091,Security Guard,ST-04,night,45,Permanent
E1094,2026-06-29,44.75,0.0,False,Sarah Nkosi,720601XXXX091,Security Guard,ST-04,night,45,Permanent
E1094,2026-07-06,35.75,0.0,False,Sarah Nkosi,720601XXXX091,Security Guard,ST-04,night,45,Permanent
E1094,2026-07-13,49.75,4.75,False,Sarah Nkosi,720601XXXX091,Security Guard,ST-04,night,45,Permanent
E1094,2026-07-20,45.0,0.0,False,Sarah Nkosi,720601XXXX091,Security Guard,ST-04,night,45,Permanent
E1094,2026-07-27,35.0,0.0,False,Sarah Nkosi,720601XXXX091,Security Guard,ST-04,night,45,Permanent
E1094,2026-08-03,56.75,11.75,True,Sarah Nkosi,720601XXXX091,Security Guard,ST-04,night,45,Permanent
E1094,2026-08-10,0.0,0.0,False,Sarah Nkosi,720601XXXX091,Security Guard,ST-04,night,45,Permanent
E1095,2026-06-08,43.0,0.0,False,Yusuf Mahlangu,000917XXXX092,Cleaner,ST-03,day,45,Permanent
E1095,2026-06-15,45.25,0.25,False,Yusuf Mahlangu,000917XXXX092,Cleaner,ST-03,day,45,Permanent
E1095,2026-06-22,42.5,0.0,False,Yusuf Mahlangu,000917XXXX092,Cleaner,ST-03,day,45,Permanent
E1095,2026-06-29,51.75,6.75,False,Yusuf Mahlangu,000917XXXX092,Cleaner,ST-03,day,45,Permanent
E1095,2026-07-06,38.5,0.0,False,Yusuf Mahlangu,000917XXXX092,Cleaner,ST-03,day,45,Permanent
E1095,2026-07-13,46.25,1.25,False,Yusuf Mahlangu,000917XXXX092,Cleaner,ST-03,day,45,Permanent
E1095,2026-07-20,35.5,0.0,False,Yusuf Mahlangu,000917XXXX092,Cleaner,ST-03,day,45,Permanent
E1095,2026-07-27,39.5,0.0,False,Yusuf Mahlangu,000917XXXX092,Cleaner,ST-03,day,45,Permanent
E1095,2026-08-03,44.25,0.0,False,Yusuf Mahlangu,000917XXXX092,Cleaner,ST-03,day,45,Permanent
E1095,2026-08-10,25.5,0.0,False,Yusuf Mahlangu,000917XXXX092,Cleaner,ST-03,day,45,Permanent
E1096,2026-06-08,44.0,0.0,False,Zodwa Mavuso,741214XXXX093,Cleaner,ST-02,day,45,Permanent
E1096,2026-06-15,53.75,8.75,False,Zodwa Mavuso,741214XXXX093,Cleaner,ST-02,day,45,Permanent
E1096,2026-06-22,41.0,0.0,False,Zodwa Mavuso,741214XXXX093,Cleaner,ST-02,day,45,Permanent
E1096,2026-06-29,57.5,12.5,True,Zodwa Mavuso,741214XXXX093,Cleaner,ST-02,day,45,Permanent
E1096,2026-07-06,36.75,0.0,False,Zodwa Mavuso,741214XXXX093,Cleaner,ST-02,day,45,Permanent
E1096,2026-07-13,42.5,0.0,False,Zodwa Mavuso,741214XXXX093,Cleaner,ST-02,day,45,Permanent
E1096,2026-07-20,51.25,6.25,False,Zodwa Mavuso,741214XXXX093,Cleaner,ST-02,day,45,Permanent
E1096,2026-07-27,42.5,0.0,False,Zodwa Mavuso,741214XXXX093,Cleaner,ST-02,day,45,Permanent
E1096,2026-08-03,41.5,0.0,False,Zodwa Mavuso,741214XXXX093,Cleaner,ST-02,day,45,Permanent
E1096,2026-08-10,18.0,0.0,False,Zodwa Mavuso,741214XXXX093,Cleaner,ST-02,day,45,Permanent
E1097,2026-06-08,37.0,0.0,False,Busisiwe Jacobs,921219XXXX094,Supervisor,ST-02,day,45,Fixed-term
E1097,2026-06-15,30.25,0.0,False,Busisiwe Jacobs,921219XXXX094,Supervisor,ST-02,day,45,Fixed-term
E1097,2026-06-22,29.75,0.0,False,Busisiwe Jacobs,921219XXXX094,Supervisor,ST-02,day,45,Fixed-term
E1097,2026-06-29,26.5,0.0,False,Busisiwe Jacobs,921219XXXX094,Supervisor,ST-02,day,45,Fixed-term
E1097,2026-07-06,37.75,0.0,False,Busisiwe Jacobs,921219XXXX094,Supervisor,ST-02,day,45,Fixed-term
E1097,2026-07-13,22.75,0.0,False,Busisiwe Jacobs,921219XXXX094,Supervisor,ST-02,day,45,Fixed-term
E1097,2026-07-20,37.0,0.0,False,Busisiwe Jacobs,921219XXXX094,Supervisor,ST-02,day,45,Fixed-term
E1097,2026-07-27,29.5,0.0,False,Busisiwe Jacobs,921219XXXX094,Supervisor,ST-02,day,45,Fixed-term
E1097,2026-08-03,26.5,0.0,False,Busisiwe Jacobs,921219XXXX094,Supervisor,ST-02,day,45,Fixed-term
E1097,2026-08-10,9.25,0.0,False,Busisiwe Jacobs,921219XXXX094,Supervisor,ST-02,day,45,Fixed-term
E1098,2026-06-08,28.5,0.0,False,B. Jacobs,921219XXXX094,Supervisor,ST-03,day,45,Fixed-term
E1098,2026-06-15,23.25,0.0,False,B. Jacobs,921219XXXX094,Supervisor,ST-03,day,45,Fixed-term
E1098,2026-06-22,36.5,0.0,False,B. Jacobs,921219XXXX094,Supervisor,ST-03,day,45,Fixed-term
E1098,2026-06-29,29.0,0.0,False,B. Jacobs,921219XXXX094,Supervisor,ST-03,day,45,Fixed-term
E1098,2026-07-06,28.25,0.0,False,B. Jacobs,921219XXXX094,Supervisor,ST-03,day,45,Fixed-term
E1098,2026-07-13,29.0,0.0,False,B. Jacobs,921219XXXX094,Supervisor,ST-03,day,45,Fixed-term
E1098,2026-07-20,30.0,0.0,False,B. Jacobs,921219XXXX094,Supervisor,ST-03,day,45,Fixed-term
E1098,2026-07-27,25.75,0.0,False,B. Jacobs,921219XXXX094,Supervisor,ST-03,day,45,Fixed-term
E1098,2026-08-03,26.0,0.0,False,B. Jacobs,921219XXXX094,Supervisor,ST-03,day,45,Fixed-term
E1098,2026-08-10,20.25,0.0,False,B. Jacobs,921219XXXX094,Supervisor,ST-03,day,45,Fixed-term
E1099,2026-06-08,54.5,9.5,False,Portia Fourie,010118XXXX095,Security Guard,ST-02,night,45,Fixed-term
E1099,2026-06-15,49.75,4.75,False,Portia Fourie,010118XXXX095,Security Guard,ST-02,night,45,Fixed-term
E1099,2026-06-22,37.25,0.0,False,Portia Fourie,010118XXXX095,Security Guard,ST-02,night,45,Fixed-term
E1099,2026-06-29,45.5,0.5,False,Portia Fourie,010118XXXX095,Security Guard,ST-02,night,45,Fixed-term
E1099,2026-07-06,58.75,13.75,True,Portia Fourie,010118XXXX095,Security Guard,ST-02,night,45,Fixed-term
E1099,2026-07-13,57.0,12.0,True,Portia Fourie,010118XXXX095,Security Guard,ST-02,night,45,Fixed-term
E1099,2026-07-20,19.0,0.0,False,Portia Fourie,010118XXXX095,Security Guard,ST-02,night,45,Fixed-term
E1099,2026-07-27,43.25,0.0,False,Portia Fourie,010118XXXX095,Security Guard,ST-02,night,45,Fixed-term
E1099,2026-08-03,48.5,3.5,False,Portia Fourie,010118XXXX095,Security Guard,ST-02,night,45,Fixed-term
E1099,2026-08-10,40.0,0.0,False,Portia Fourie,010118XXXX095,Security Guard,ST-02,night,45,Fixed-term
E1100,2026-06-08,43.5,0.0,False,Sarah Tshabalala,930901XXXX096,Cleaner,ST-06,day,45,Permanent
E1100,2026-06-15,50.25,5.25,False,Sarah Tshabalala,930901XXXX096,Cleaner,ST-06,day,45,Permanent
E1100,2026-06-22,46.5,1.5,False,Sarah Tshabalala,930901XXXX096,Cleaner,ST-06,day,45,Permanent
E1100,2026-06-29,39.5,0.0,False,Sarah Tshabalala,930901XXXX096,Cleaner,ST-06,day,45,Permanent
E1100,2026-07-06,42.75,0.0,False,Sarah Tshabalala,930901XXXX096,Cleaner,ST-06,day,45,Permanent
E1100,2026-07-13,43.25,0.0,False,Sarah Tshabalala,930901XXXX096,Cleaner,ST-06,day,45,Permanent
E1100,2026-07-20,43.75,0.0,False,Sarah Tshabalala,930901XXXX096,Cleaner,ST-06,day,45,Permanent
E1100,2026-07-27,56.0,11.0,True,Sarah Tshabalala,930901XXXX096,Cleaner,ST-06,day,45,Permanent
E1100,2026-08-03,53.75,8.75,False,Sarah Tshabalala,930901XXXX096,Cleaner,ST-06,day,45,Permanent
E1100,2026-08-10,13.75,0.0,False,Sarah Tshabalala,930901XXXX096,Cleaner,ST-06,day,45,Permanent
E1101,2026-06-08,36.0,0.0,False,Zanele Molefe,760627XXXX097,Security Guard,ST-06,day,45,Fixed-term
E1101,2026-06-15,43.5,0.0,False,Zanele Molefe,760627XXXX097,Security Guard,ST-06,day,45,Fixed-term
E1101,2026-06-22,43.5,0.0,False,Zanele Molefe,760627XXXX097,Security Guard,ST-06,day,45,Fixed-term
E1101,2026-06-29,44.0,0.0,False,Zanele Molefe,760627XXXX097,Security Guard,ST-06,day,45,Fixed-term
E1101,2026-07-06,38.25,0.0,False,Zanele Molefe,760627XXXX097,Security Guard,ST-06,day,45,Fixed-term
E1101,2026-07-13,25.75,0.0,False,Zanele Molefe,760627XXXX097,Security Guard,ST-06,day,45,Fixed-term
E1101,2026-07-20,37.0,0.0,False,Zanele Molefe,760627XXXX097,Security Guard,ST-06,day,45,Fixed-term
E1101,2026-07-27,39.0,0.0,False,Zanele Molefe,760627XXXX097,Security Guard,ST-06,day,45,Fixed-term
E1101,2026-08-03,36.25,0.0,False,Zanele Molefe,760627XXXX097,Security Guard,ST-06,day,45,Fixed-term
E1101,2026-08-10,0.0,0.0,False,Zanele Molefe,760627XXXX097,Security Guard,ST-06,day,45,Fixed-term
E1102,2026-06-08,39.0,0.0,False,Ayanda Sibiya,020517XXXX098,Kitchen Assistant,ST-04,day,45,Permanent
E1102,2026-06-15,38.0,0.0,False,Ayanda Sibiya,020517XXXX098,Kitchen Assistant,ST-04,day,45,Permanent
E1102,2026-06-22,32.5,0.0,False,Ayanda Sibiya,020517XXXX098,Kitchen Assistant,ST-04,day,45,Permanent
E1102,2026-06-29,34.75,0.0,False,Ayanda Sibiya,020517XXXX098,Kitchen Assistant,ST-04,day,45,Permanent
E1102,2026-07-06,31.0,0.0,False,Ayanda Sibiya,020517XXXX098,Kitchen Assistant,ST-04,day,45,Permanent
E1102,2026-07-13,37.5,0.0,False,Ayanda Sibiya,020517XXXX098,Kitchen Assistant,ST-04,day,45,Permanent
E1102,2026-07-20,38.75,0.0,False,Ayanda Sibiya,020517XXXX098,Kitchen Assistant,ST-04,day,45,Permanent
E1102,2026-07-27,34.75,0.0,False,Ayanda Sibiya,020517XXXX098,Kitchen Assistant,ST-04,day,45,Permanent
E1102,2026-08-03,36.0,0.0,False,Ayanda Sibiya,020517XXXX098,Kitchen Assistant,ST-04,day,45,Permanent
E1102,2026-08-10,8.0,0.0,False,Ayanda Sibiya,020517XXXX098,Kitchen Assistant,ST-04,day,45,Permanent
E1103,2026-06-08,39.0,0.0,False,Wandile Hendricks,041006XXXX099,Driver,ST-06,day,45,Permanent
E1103,2026-06-15,42.0,0.0,False,Wandile Hendricks,041006XXXX099,Driver,ST-06,day,45,Permanent
E1103,2026-06-22,49.75,4.75,False,Wandile Hendricks,041006XXXX099,Driver,ST-06,day,45,Permanent
E1103,2026-06-29,40.75,0.0,False,Wandile Hendricks,041006XXXX099,Driver,ST-06,day,45,Permanent
E1103,2026-07-06,39.75,0.0,False,Wandile Hendricks,041006XXXX099,Driver,ST-06,day,45,Permanent
E1103,2026-07-13,52.25,7.25,False,Wandile Hendricks,041006XXXX099,Driver,ST-06,day,45,Permanent
E1103,2026-07-20,40.0,0.0,False,Wandile Hendricks,041006XXXX099,Driver,ST-06,day,45,Permanent
E1103,2026-07-27,58.0,13.0,True,Wandile Hendricks,041006XXXX099,Driver,ST-06,day,45,Permanent
E1103,2026-08-03,42.0,0.0,False,Wandile Hendricks,041006XXXX099,Driver,ST-06,day,45,Permanent
E1103,2026-08-10,9.75,0.0,False,Wandile Hendricks,041006XXXX099,Driver,ST-06,day,45,Permanent
E1104,2026-06-08,41.5,0.0,False,Given Tshabalala,041202XXXX100,Driver,ST-02,day,45,Permanent
E1104,2026-06-15,57.0,12.0,True,Given Tshabalala,041202XXXX100,Driver,ST-02,day,45,Permanent
E1104,2026-06-22,45.5,0.5,False,Given Tshabalala,041202XXXX100,Driver,ST-02,day,45,Permanent
E1104,2026-06-29,29.75,0.0,False,Given Tshabalala,041202XXXX100,Driver,ST-02,day,45,Permanent
E1104,2026-07-06,43.25,0.0,False,Given Tshabalala,041202XXXX100,Driver,ST-02,day,45,Permanent
E1104,2026-07-13,38.75,0.0,False,Given Tshabalala,041202XXXX100,Driver,ST-02,day,45,Permanent
E1104,2026-07-20,45.75,0.75,False,Given Tshabalala,041202XXXX100,Driver,ST-02,day,45,Permanent
E1104,2026-07-27,52.75,7.75,False,Given Tshabalala,041202XXXX100,Driver,ST-02,day,45,Permanent
E1104,2026-08-03,52.0,7.0,False,Given Tshabalala,041202XXXX100,Driver,ST-02,day,45,Permanent
E1104,2026-08-10,34.75,0.0,False,Given Tshabalala,041202XXXX100,Driver,ST-02,day,45,Permanent
E1105,2026-06-08,42.0,0.0,False,Zodwa Jacobs,041103XXXX101,Cleaner,ST-04,day,45,Fixed-term
E1105,2026-06-15,46.75,1.75,False,Zodwa Jacobs,041103XXXX101,Cleaner,ST-04,day,45,Fixed-term
E1105,2026-06-22,44.75,0.0,False,Zodwa Jacobs,041103XXXX101,Cleaner,ST-04,day,45,Fixed-term
E1105,2026-06-29,48.0,3.0,False,Zodwa Jacobs,041103XXXX101,Cleaner,ST-04,day,45,Fixed-term
E1105,2026-07-06,45.5,0.5,False,Zodwa Jacobs,041103XXXX101,Cleaner,ST-04,day,45,Fixed-term
E1105,2026-07-13,43.5,0.0,False,Zodwa Jacobs,041103XXXX101,Cleaner,ST-04,day,45,Fixed-term
E1105,2026-07-20,51.0,6.0,False,Zodwa Jacobs,041103XXXX101,Cleaner,ST-04,day,45,Fixed-term
E1105,2026-07-27,45.25,0.25,False,Zodwa Jacobs,041103XXXX101,Cleaner,ST-04,day,45,Fixed-term
E1105,2026-08-03,32.75,0.0,False,Zodwa Jacobs,041103XXXX101,Cleaner,ST-04,day,45,Fixed-term
E1105,2026-08-10,28.0,0.0,False,Zodwa Jacobs,041103XXXX101,Cleaner,ST-04,day,45,Fixed-term
E1106,2026-06-08,41.75,0.0,False,Portia Botha,021205XXXX102,Security Guard,ST-03,day,45,Permanent
E1106,2026-06-15,46.75,1.75,False,Portia Botha,021205XXXX102,Security Guard,ST-03,day,45,Permanent
E1106,2026-06-22,45.25,0.25,False,Portia Botha,021205XXXX102,Security Guard,ST-03,day,45,Permanent
E1106,2026-06-29,46.5,1.5,False,Portia Botha,021205XXXX102,Security Guard,ST-03,day,45,Permanent
E1106,2026-07-06,49.0,4.0,False,Portia Botha,021205XXXX102,Security Guard,ST-03,day,45,Permanent
E1106,2026-07-13,47.25,2.25,False,Portia Botha,021205XXXX102,Security Guard,ST-03,day,45,Permanent
E1106,2026-07-20,44.5,0.0,False,Portia Botha,021205XXXX102,Security Guard,ST-03,day,45,Permanent
E1106,2026-07-27,44.75,0.0,False,Portia Botha,021205XXXX102,Security Guard,ST-03,day,45,Permanent
E1106,2026-08-03,25.25,0.0,False,Portia Botha,021205XXXX102,Security Guard,ST-03,day,45,Permanent
E1106,2026-08-10,35.25,0.0,False,Portia Botha,021205XXXX102,Security Guard,ST-03,day,45,Permanent
E1107,2026-06-08,38.0,0.0,False,Sarah Mavuso,040116XXXX103,Cleaner,ST-04,day,45,Permanent
E1107,2026-06-15,43.5,0.0,False,Sarah Mavuso,040116XXXX103,Cleaner,ST-04,day,45,Permanent
E1107,2026-06-22,40.75,0.0,False,Sarah Mavuso,040116XXXX103,Cleaner,ST-04,day,45,Permanent
E1107,2026-06-29,43.75,0.0,False,Sarah Mavuso,040116XXXX103,Cleaner,ST-04,day,45,Permanent
E1107,2026-07-06,43.0,0.0,False,Sarah Mavuso,040116XXXX103,Cleaner,ST-04,day,45,Permanent
E1107,2026-07-13,37.75,0.0,False,Sarah Mavuso,040116XXXX103,Cleaner,ST-04,day,45,Permanent
E1107,2026-07-20,41.5,0.0,False,Sarah Mavuso,040116XXXX103,Cleaner,ST-04,day,45,Permanent
E1107,2026-07-27,41.75,0.0,False,Sarah Mavuso,040116XXXX103,Cleaner,ST-04,day,45,Permanent
E1107,2026-08-03,50.0,5.0,False,Sarah Mavuso,040116XXXX103,Cleaner,ST-04,day,45,Permanent
E1107,2026-08-10,16.75,0.0,False,Sarah Mavuso,040116XXXX103,Cleaner,ST-04,day,45,Permanent
E1108,2026-06-08,38.25,0.0,False,Nadia Baloyi,000828XXXX104,Kitchen Assistant,ST-06,day,45,Fixed-term
E1108,2026-06-15,50.25,5.25,False,Nadia Baloyi,000828XXXX104,Kitchen Assistant,ST-06,day,45,Fixed-term
E1108,2026-06-22,45.75,0.75,False,Nadia Baloyi,000828XXXX104,Kitchen Assistant,ST-06,day,45,Fixed-term
E1108,2026-06-29,48.5,3.5,False,Nadia Baloyi,000828XXXX104,Kitchen Assistant,ST-06,day,45,Fixed-term
E1108,2026-07-06,46.25,1.25,False,Nadia Baloyi,000828XXXX104,Kitchen Assistant,ST-06,day,45,Fixed-term
E1108,2026-07-13,47.25,2.25,False,Nadia Baloyi,000828XXXX104,Kitchen Assistant,ST-06,day,45,Fixed-term
E1108,2026-07-20,56.5,11.5,True,Nadia Baloyi,000828XXXX104,Kitchen Assistant,ST-06,day,45,Fixed-term
E1108,2026-07-27,45.25,0.25,False,Nadia Baloyi,000828XXXX104,Kitchen Assistant,ST-06,day,45,Fixed-term
E1108,2026-08-03,40.0,0.0,False,Nadia Baloyi,000828XXXX104,Kitchen Assistant,ST-06,day,45,Fixed-term
E1108,2026-08-10,27.5,0.0,False,Nadia Baloyi,000828XXXX104,Kitchen Assistant,ST-06,day,45,Fixed-term
E1109,2026-06-08,39.25,0.0,False,Wandile Ngcobo,041016XXXX105,Kitchen Assistant,ST-05,day,45,Permanent
E1109,2026-06-15,39.75,0.0,False,Wandile Ngcobo,041016XXXX105,Kitchen Assistant,ST-05,day,45,Permanent
E1109,2026-06-22,41.5,0.0,False,Wandile Ngcobo,041016XXXX105,Kitchen Assistant,ST-05,day,45,Permanent
E1109,2026-06-29,40.5,0.0,False,Wandile Ngcobo,041016XXXX105,Kitchen Assistant,ST-05,day,45,Permanent
E1109,2026-07-06,35.5,0.0,False,Wandile Ngcobo,041016XXXX105,Kitchen Assistant,ST-05,day,45,Permanent
E1109,2026-07-13,51.25,6.25,False,Wandile Ngcobo,041016XXXX105,Kitchen Assistant,ST-05,day,45,Permanent
E1109,2026-07-20,40.0,0.0,False,Wandile Ngcobo,041016XXXX105,Kitchen Assistant,ST-05,day,45,Permanent
E1109,2026-07-27,41.25,0.0,False,Wandile Ngcobo,041016XXXX105,Kitchen Assistant,ST-05,day,45,Permanent
E1109,2026-08-03,40.0,0.0,False,Wandile Ngcobo,041016XXXX105,Kitchen Assistant,ST-05,day,45,Permanent
E1109,2026-08-10,10.0,0.0,False,Wandile Ngcobo,041016XXXX105,Kitchen Assistant,ST-05,day,45,Permanent
E1110,2026-06-08,38.0,0.0,False,Riaan Jacobs,040915XXXX106,Kitchen Assistant,ST-06,day,45,Permanent
E1110,2026-06-15,37.25,0.0,False,Riaan Jacobs,040915XXXX106,Kitchen Assistant,ST-06,day,45,Permanent
E1110,2026-06-22,37.75,0.0,False,Riaan Jacobs,040915XXXX106,Kitchen Assistant,ST-06,day,45,Permanent
E1110,2026-06-29,36.5,0.0,False,Riaan Jacobs,040915XXXX106,Kitchen Assistant,ST-06,day,45,Permanent
E1110,2026-07-06,37.75,0.0,False,Riaan Jacobs,040915XXXX106,Kitchen Assistant,ST-06,day,45,Permanent
E1110,2026-07-13,37.0,0.0,False,Riaan Jacobs,040915XXXX106,Kitchen Assistant,ST-06,day,45,Permanent
E1110,2026-07-20,36.25,0.0,False,Riaan Jacobs,040915XXXX106,Kitchen Assistant,ST-06,day,45,Permanent
E1110,2026-07-27,35.5,0.0,False,Riaan Jacobs,040915XXXX106,Kitchen Assistant,ST-06,day,45,Permanent
E1110,2026-08-03,38.75,0.0,False,Riaan Jacobs,040915XXXX106,Kitchen Assistant,ST-06,day,45,Permanent
E1110,2026-08-10,18.0,0.0,False,Riaan Jacobs,040915XXXX106,Kitchen Assistant,ST-06,day,45,Permanent
E1111,2026-06-08,45.5,0.5,False,Precious Pillay,020825XXXX107,Supervisor,ST-05,day,45,Permanent
E1111,2026-06-15,49.5,4.5,False,Precious Pillay,020825XXXX107,Supervisor,ST-05,day,45,Permanent
E1111,2026-06-22,49.0,4.0,False,Precious Pillay,020825XXXX107,Supervisor,ST-05,day,45,Permanent
E1111,2026-06-29,46.75,1.75,False,Precious Pillay,020825XXXX107,Supervisor,ST-05,day,45,Permanent
E1111,2026-07-06,48.75,3.75,False,Precious Pillay,020825XXXX107,Supervisor,ST-05,day,45,Permanent
E1111,2026-07-13,50.25,5.25,False,Precious Pillay,020825XXXX107,Supervisor,ST-05,day,45,Permanent
E1111,2026-07-20,44.0,0.0,False,Precious Pillay,020825XXXX107,Supervisor,ST-05,day,45,Permanent
E1111,2026-07-27,46.75,1.75,False,Precious Pillay,020825XXXX107,Supervisor,ST-05,day,45,Permanent
E1111,2026-08-03,47.75,2.75,False,Precious Pillay,020825XXXX107,Supervisor,ST-05,day,45,Permanent
E1111,2026-08-10,23.75,0.0,False,Precious Pillay,020825XXXX107,Supervisor,ST-05,day,45,Permanent
E1112,2026-06-08,37.75,0.0,False,Palesa Naidoo,921216XXXX108,Security Guard,ST-05,day,45,Permanent
E1112,2026-06-15,48.5,3.5,False,Palesa Naidoo,921216XXXX108,Security Guard,ST-05,day,45,Permanent
E1112,2026-06-22,43.0,0.0,False,Palesa Naidoo,921216XXXX108,Security Guard,ST-05,day,45,Permanent
E1112,2026-06-29,39.0,0.0,False,Palesa Naidoo,921216XXXX108,Security Guard,ST-05,day,45,Permanent
E1112,2026-07-06,38.0,0.0,False,Palesa Naidoo,921216XXXX108,Security Guard,ST-05,day,45,Permanent
E1112,2026-07-13,37.5,0.0,False,Palesa Naidoo,921216XXXX108,Security Guard,ST-05,day,45,Permanent
E1112,2026-07-20,37.75,0.0,False,Palesa Naidoo,921216XXXX108,Security Guard,ST-05,day,45,Permanent
E1112,2026-07-27,43.25,0.0,False,Palesa Naidoo,921216XXXX108,Security Guard,ST-05,day,45,Permanent
E1112,2026-08-03,38.0,0.0,False,Palesa Naidoo,921216XXXX108,Security Guard,ST-05,day,45,Permanent
E1112,2026-08-10,23.0,0.0,False,Palesa Naidoo,921216XXXX108,Security Guard,ST-05,day,45,Permanent
E1113,2026-06-08,43.25,0.0,False,Riaan Radebe,881207XXXX109,Cleaner,ST-02,day,45,Permanent
E1113,2026-06-15,44.5,0.0,False,Riaan Radebe,881207XXXX109,Cleaner,ST-02,day,45,Permanent
E1113,2026-06-22,43.75,0.0,False,Riaan Radebe,881207XXXX109,Cleaner,ST-02,day,45,Permanent
E1113,2026-06-29,48.75,3.75,False,Riaan Radebe,881207XXXX109,Cleaner,ST-02,day,45,Permanent
E1113,2026-07-06,40.5,0.0,False,Riaan Radebe,881207XXXX109,Cleaner,ST-02,day,45,Permanent
E1113,2026-07-13,48.5,3.5,False,Riaan Radebe,881207XXXX109,Cleaner,ST-02,day,45,Permanent
E1113,2026-07-20,42.0,0.0,False,Riaan Radebe,881207XXXX109,Cleaner,ST-02,day,45,Permanent
E1113,2026-07-27,43.75,0.0,False,Riaan Radebe,881207XXXX109,Cleaner,ST-02,day,45,Permanent
E1113,2026-08-03,45.5,0.5,False,Riaan Radebe,881207XXXX109,Cleaner,ST-02,day,45,Permanent
E1113,2026-08-10,18.0,0.0,False,Riaan Radebe,881207XXXX109,Cleaner,ST-02,day,45,Permanent
E1114,2026-06-08,36.25,0.0,False,Shaun Ndlovu,870812XXXX110,Supervisor,ST-01,day,45,Fixed-term
E1114,2026-06-15,46.25,1.25,False,Shaun Ndlovu,870812XXXX110,Supervisor,ST-01,day,45,Fixed-term
E1114,2026-06-22,44.75,0.0,False,Shaun Ndlovu,870812XXXX110,Supervisor,ST-01,day,45,Fixed-term
E1114,2026-06-29,41.0,0.0,False,Shaun Ndlovu,870812XXXX110,Supervisor,ST-01,day,45,Fixed-term
E1114,2026-07-06,47.0,2.0,False,Shaun Ndlovu,870812XXXX110,Supervisor,ST-01,day,45,Fixed-term
E1114,2026-07-13,39.0,0.0,False,Shaun Ndlovu,870812XXXX110,Supervisor,ST-01,day,45,Fixed-term
E1114,2026-07-20,45.75,0.75,False,Shaun Ndlovu,870812XXXX110,Supervisor,ST-01,day,45,Fixed-term
E1114,2026-07-27,43.5,0.0,False,Shaun Ndlovu,870812XXXX110,Supervisor,ST-01,day,45,Fixed-term
E1114,2026-08-03,41.0,0.0,False,Shaun Ndlovu,870812XXXX110,Supervisor,ST-01,day,45,Fixed-term
E1114,2026-08-10,9.0,0.0,False,Shaun Ndlovu,870812XXXX110,Supervisor,ST-01,day,45,Fixed-term
E1115,2026-06-08,45.0,0.0,False,Mpho Dlamini,711023XXXX111,Kitchen Assistant,ST-06,day,45,Permanent
E1115,2026-06-15,39.25,0.0,False,Mpho Dlamini,711023XXXX111,Kitchen Assistant,ST-06,day,45,Permanent
E1115,2026-06-22,49.75,4.75,False,Mpho Dlamini,711023XXXX111,Kitchen Assistant,ST-06,day,45,Permanent
E1115,2026-06-29,47.0,2.0,False,Mpho Dlamini,711023XXXX111,Kitchen Assistant,ST-06,day,45,Permanent
E1115,2026-07-06,40.75,0.0,False,Mpho Dlamini,711023XXXX111,Kitchen Assistant,ST-06,day,45,Permanent
E1115,2026-07-13,34.25,0.0,False,Mpho Dlamini,711023XXXX111,Kitchen Assistant,ST-06,day,45,Permanent
E1115,2026-07-20,37.5,0.0,False,Mpho Dlamini,711023XXXX111,Kitchen Assistant,ST-06,day,45,Permanent
E1115,2026-07-27,39.0,0.0,False,Mpho Dlamini,711023XXXX111,Kitchen Assistant,ST-06,day,45,Permanent
E1115,2026-08-03,37.25,0.0,False,Mpho Dlamini,711023XXXX111,Kitchen Assistant,ST-06,day,45,Permanent
E1115,2026-08-10,18.75,0.0,False,Mpho Dlamini,711023XXXX111,Kitchen Assistant,ST-06,day,45,Permanent
E1116,2026-06-08,48.5,3.5,False,Given Mahlangu,030417XXXX112,Security Guard,ST-02,day,45,Permanent
E1116,2026-06-15,46.25,1.25,False,Given Mahlangu,030417XXXX112,Security Guard,ST-02,day,45,Permanent
E1116,2026-06-22,47.75,2.75,False,Given Mahlangu,030417XXXX112,Security Guard,ST-02,day,45,Permanent
E1116,2026-06-29,45.5,0.5,False,Given Mahlangu,030417XXXX112,Security Guard,ST-02,day,45,Permanent
E1116,2026-07-06,46.75,1.75,False,Given Mahlangu,030417XXXX112,Security Guard,ST-02,day,45,Permanent
E1116,2026-07-13,48.75,3.75,False,Given Mahlangu,030417XXXX112,Security Guard,ST-02,day,45,Permanent
E1116,2026-07-20,47.75,2.75,False,Given Mahlangu,030417XXXX112,Security Guard,ST-02,day,45,Permanent
E1116,2026-07-27,48.75,3.75,False,Given Mahlangu,030417XXXX112,Security Guard,ST-02,day,45,Permanent
E1116,2026-08-03,47.25,2.25,False,Given Mahlangu,030417XXXX112,Security Guard,ST-02,day,45,Permanent
E1116,2026-08-10,24.0,0.0,False,Given Mahlangu,030417XXXX112,Security Guard,ST-02,day,45,Permanent
E1117,2026-06-08,47.25,2.25,False,Busisiwe Adams,010923XXXX113,Driver,ST-03,day,45,Permanent
E1117,2026-06-15,42.25,0.0,False,Busisiwe Adams,010923XXXX113,Driver,ST-03,day,45,Permanent
E1117,2026-06-22,37.25,0.0,False,Busisiwe Adams,010923XXXX113,Driver,ST-03,day,45,Permanent
E1117,2026-06-29,39.0,0.0,False,Busisiwe Adams,010923XXXX113,Driver,ST-03,day,45,Permanent
E1117,2026-07-06,41.75,0.0,False,Busisiwe Adams,010923XXXX113,Driver,ST-03,day,45,Permanent
E1117,2026-07-13,40.75,0.0,False,Busisiwe Adams,010923XXXX113,Driver,ST-03,day,45,Permanent
E1117,2026-07-20,45.0,0.0,False,Busisiwe Adams,010923XXXX113,Driver,ST-03,day,45,Permanent
E1117,2026-07-27,39.25,0.0,False,Busisiwe Adams,010923XXXX113,Driver,ST-03,day,45,Permanent
E1117,2026-08-03,39.75,0.0,False,Busisiwe Adams,010923XXXX113,Driver,ST-03,day,45,Permanent
E1117,2026-08-10,21.5,0.0,False,Busisiwe Adams,010923XXXX113,Driver,ST-03,day,45,Permanent
E1118,2026-06-08,43.0,0.0,False,Pieter Adams,970821XXXX114,Driver,ST-03,day,45,Permanent
E1118,2026-06-15,44.5,0.0,False,Pieter Adams,970821XXXX114,Driver,ST-03,day,45,Permanent
E1118,2026-06-22,40.5,0.0,False,Pieter Adams,970821XXXX114,Driver,ST-03,day,45,Permanent
E1118,2026-06-29,28.25,0.0,False,Pieter Adams,970821XXXX114,Driver,ST-03,day,45,Permanent
E1118,2026-07-06,30.75,0.0,False,Pieter Adams,970821XXXX114,Driver,ST-03,day,45,Permanent
E1118,2026-07-13,50.0,5.0,False,Pieter Adams,970821XXXX114,Driver,ST-03,day,45,Permanent
E1118,2026-07-20,42.5,0.0,False,Pieter Adams,970821XXXX114,Driver,ST-03,day,45,Permanent
E1118,2026-07-27,43.25,0.0,False,Pieter Adams,970821XXXX114,Driver,ST-03,day,45,Permanent
E1118,2026-08-03,41.5,0.0,False,Pieter Adams,970821XXXX114,Driver,ST-03,day,45,Permanent
E1118,2026-08-10,29.75,0.0,False,Pieter Adams,970821XXXX114,Driver,ST-03,day,45,Permanent
E1119,2026-06-08,41.25,0.0,False,Musa Zulu,750218XXXX115,Kitchen Assistant,ST-02,day,45,Permanent
E1119,2026-06-15,54.25,9.25,False,Musa Zulu,750218XXXX115,Kitchen Assistant,ST-02,day,45,Permanent
E1119,2026-06-22,40.0,0.0,False,Musa Zulu,750218XXXX115,Kitchen Assistant,ST-02,day,45,Permanent
E1119,2026-06-29,32.5,0.0,False,Musa Zulu,750218XXXX115,Kitchen Assistant,ST-02,day,45,Permanent
E1119,2026-07-06,40.75,0.0,False,Musa Zulu,750218XXXX115,Kitchen Assistant,ST-02,day,45,Permanent
E1119,2026-07-13,46.25,1.25,False,Musa Zulu,750218XXXX115,Kitchen Assistant,ST-02,day,45,Permanent
E1119,2026-07-20,47.5,2.5,False,Musa Zulu,750218XXXX115,Kitchen Assistant,ST-02,day,45,Permanent
E1119,2026-07-27,43.5,0.0,False,Musa Zulu,750218XXXX115,Kitchen Assistant,ST-02,day,45,Permanent
E1119,2026-08-03,58.75,13.75,True,Musa Zulu,750218XXXX115,Kitchen Assistant,ST-02,day,45,Permanent
E1119,2026-08-10,18.0,0.0,False,Musa Zulu,750218XXXX115,Kitchen Assistant,ST-02,day,45,Permanent
E1120,2026-06-08,41.75,0.0,False,Bongani Molefe,981101XXXX116,Kitchen Assistant,ST-01,day,45,Permanent
E1120,2026-06-15,52.25,7.25,False,Bongani Molefe,981101XXXX116,Kitchen Assistant,ST-01,day,45,Permanent
E1120,2026-06-22,44.0,0.0,False,Bongani Molefe,981101XXXX116,Kitchen Assistant,ST-01,day,45,Permanent
E1120,2026-06-29,50.0,5.0,False,Bongani Molefe,981101XXXX116,Kitchen Assistant,ST-01,day,45,Permanent
E1120,2026-07-06,41.5,0.0,False,Bongani Molefe,981101XXXX116,Kitchen Assistant,ST-01,day,45,Permanent
E1120,2026-07-13,54.5,9.5,False,Bongani Molefe,981101XXXX116,Kitchen Assistant,ST-01,day,45,Permanent
E1120,2026-07-20,39.0,0.0,False,Bongani Molefe,981101XXXX116,Kitchen Assistant,ST-01,day,45,Permanent
E1120,2026-07-27,46.0,1.0,False,Bongani Molefe,981101XXXX116,Kitchen Assistant,ST-01,day,45,Permanent
E1120,2026-08-03,49.5,4.5,False,Bongani Molefe,981101XXXX116,Kitchen Assistant,ST-01,day,45,Permanent
E1120,2026-08-10,28.5,0.0,False,Bongani Molefe,981101XXXX116,Kitchen Assistant,ST-01,day,45,Permanent
E1121,2026-06-08,43.25,0.0,False,Kagiso Molefe,000405XXXX117,Security Guard,ST-03,night,45,Permanent
E1121,2026-06-15,45.5,0.5,False,Kagiso Molefe,000405XXXX117,Security Guard,ST-03,night,45,Permanent
E1121,2026-06-22,47.75,2.75,False,Kagiso Molefe,000405XXXX117,Security Guard,ST-03,night,45,Permanent
E1121,2026-06-29,47.75,2.75,False,Kagiso Molefe,000405XXXX117,Security Guard,ST-03,night,45,Permanent
E1121,2026-07-06,43.75,0.0,False,Kagiso Molefe,000405XXXX117,Security Guard,ST-03,night,45,Permanent
E1121,2026-07-13,47.0,2.0,False,Kagiso Molefe,000405XXXX117,Security Guard,ST-03,night,45,Permanent
E1121,2026-07-20,48.25,3.25,False,Kagiso Molefe,000405XXXX117,Security Guard,ST-03,night,45,Permanent
E1121,2026-07-27,47.5,2.5,False,Kagiso Molefe,000405XXXX117,Security Guard,ST-03,night,45,Permanent
E1121,2026-08-03,55.0,10.0,False,Kagiso Molefe,000405XXXX117,Security Guard,ST-03,night,45,Permanent
E1121,2026-08-10,34.75,0.0,False,Kagiso Molefe,000405XXXX117,Security Guard,ST-03,night,45,Permanent
E1122,2026-06-08,46.25,1.25,False,Dineo Tshabalala,720510XXXX118,Kitchen Assistant,ST-03,day,45,Fixed-term
E1122,2026-06-15,46.75,1.75,False,Dineo Tshabalala,720510XXXX118,Kitchen Assistant,ST-03,day,45,Fixed-term
E1122,2026-06-22,55.5,10.5,True,Dineo Tshabalala,720510XXXX118,Kitchen Assistant,ST-03,day,45,Fixed-term
E1122,2026-06-29,44.25,0.0,False,Dineo Tshabalala,720510XXXX118,Kitchen Assistant,ST-03,day,45,Fixed-term
E1122,2026-07-06,65.75,20.75,True,Dineo Tshabalala,720510XXXX118,Kitchen Assistant,ST-03,day,45,Fixed-term
E1122,2026-07-13,54.0,9.0,False,Dineo Tshabalala,720510XXXX118,Kitchen Assistant,ST-03,day,45,Fixed-term
E1122,2026-07-20,61.0,16.0,True,Dineo Tshabalala,720510XXXX118,Kitchen Assistant,ST-03,day,45,Fixed-term
E1122,2026-07-27,48.25,3.25,False,Dineo Tshabalala,720510XXXX118,Kitchen Assistant,ST-03,day,45,Fixed-term
E1122,2026-08-03,47.25,2.25,False,Dineo Tshabalala,720510XXXX118,Kitchen Assistant,ST-03,day,45,Fixed-term
E1122,2026-08-10,27.75,0.0,False,Dineo Tshabalala,720510XXXX118,Kitchen Assistant,ST-03,day,45,Fixed-term
E1123,2026-06-08,47.75,2.75,False,Charmaine Jacobs,880516XXXX119,Driver,ST-01,day,45,Permanent
E1123,2026-06-15,47.0,2.0,False,Charmaine Jacobs,880516XXXX119,Driver,ST-01,day,45,Permanent
E1123,2026-06-22,52.5,7.5,False,Charmaine Jacobs,880516XXXX119,Driver,ST-01,day,45,Permanent
E1123,2026-06-29,49.5,4.5,False,Charmaine Jacobs,880516XXXX119,Driver,ST-01,day,45,Permanent
E1123,2026-07-06,43.75,0.0,False,Charmaine Jacobs,880516XXXX119,Driver,ST-01,day,45,Permanent
E1123,2026-07-13,56.5,11.5,True,Charmaine Jacobs,880516XXXX119,Driver,ST-01,day,45,Permanent
E1123,2026-07-20,38.25,0.0,False,Charmaine Jacobs,880516XXXX119,Driver,ST-01,day,45,Permanent
E1123,2026-07-27,42.75,0.0,False,Charmaine Jacobs,880516XXXX119,Driver,ST-01,day,45,Permanent
E1123,2026-08-03,47.0,2.0,False,Charmaine Jacobs,880516XXXX119,Driver,ST-01,day,45,Permanent
E1123,2026-08-10,21.0,0.0,False,Charmaine Jacobs,880516XXXX119,Driver,ST-01,day,45,Permanent
E1124,2026-06-08,43.0,0.0,False,Thabo Hendricks,011016XXXX120,Supervisor,ST-04,day,45,Permanent
E1124,2026-06-15,44.5,0.0,False,Thabo Hendricks,011016XXXX120,Supervisor,ST-04,day,45,Permanent
E1124,2026-06-22,42.25,0.0,False,Thabo Hendricks,011016XXXX120,Supervisor,ST-04,day,45,Permanent
E1124,2026-06-29,39.75,0.0,False,Thabo Hendricks,011016XXXX120,Supervisor,ST-04,day,45,Permanent
E1124,2026-07-06,41.5,0.0,False,Thabo Hendricks,011016XXXX120,Supervisor,ST-04,day,45,Permanent
E1124,2026-07-13,44.75,0.0,False,Thabo Hendricks,011016XXXX120,Supervisor,ST-04,day,45,Permanent
E1124,2026-07-20,28.0,0.0,False,Thabo Hendricks,011016XXXX120,Supervisor,ST-04,day,45,Permanent
E1124,2026-07-27,37.5,0.0,False,Thabo Hendricks,011016XXXX120,Supervisor,ST-04,day,45,Permanent
E1124,2026-08-03,46.75,1.75,False,Thabo Hendricks,011016XXXX120,Supervisor,ST-04,day,45,Permanent
E1124,2026-08-10,29.75,0.0,False,Thabo Hendricks,011016XXXX120,Supervisor,ST-04,day,45,Permanent
E1125,2026-06-08,40.75,0.0,False,Charmaine Mahlangu,020610XXXX121,Kitchen Assistant,ST-05,day,45,Permanent
E1125,2026-06-15,50.0,5.0,False,Charmaine Mahlangu,020610XXXX121,Kitchen Assistant,ST-05,day,45,Permanent
E1125,2026-06-22,52.75,7.75,False,Charmaine Mahlangu,020610XXXX121,Kitchen Assistant,ST-05,day,45,Permanent
E1125,2026-06-29,50.75,5.75,False,Charmaine Mahlangu,020610XXXX121,Kitchen Assistant,ST-05,day,45,Permanent
E1125,2026-07-06,41.0,0.0,False,Charmaine Mahlangu,020610XXXX121,Kitchen Assistant,ST-05,day,45,Permanent
E1125,2026-07-13,40.75,0.0,False,Charmaine Mahlangu,020610XXXX121,Kitchen Assistant,ST-05,day,45,Permanent
E1125,2026-07-20,36.75,0.0,False,Charmaine Mahlangu,020610XXXX121,Kitchen Assistant,ST-05,day,45,Permanent
E1125,2026-07-27,40.0,0.0,False,Charmaine Mahlangu,020610XXXX121,Kitchen Assistant,ST-05,day,45,Permanent
E1125,2026-08-03,43.25,0.0,False,Charmaine Mahlangu,020610XXXX121,Kitchen Assistant,ST-05,day,45,Permanent
E1125,2026-08-10,25.75,0.0,False,Charmaine Mahlangu,020610XXXX121,Kitchen Assistant,ST-05,day,45,Permanent
E1126,2026-06-08,31.25,0.0,False,Lerato Motaung,000618XXXX122,Supervisor,ST-06,day,45,Permanent
E1126,2026-06-15,32.25,0.0,False,Lerato Motaung,000618XXXX122,Supervisor,ST-06,day,45,Permanent
E1126,2026-06-22,34.0,0.0,False,Lerato Motaung,000618XXXX122,Supervisor,ST-06,day,45,Permanent
E1126,2026-06-29,30.25,0.0,False,Lerato Motaung,000618XXXX122,Supervisor,ST-06,day,45,Permanent
E1126,2026-07-06,29.0,0.0,False,Lerato Motaung,000618XXXX122,Supervisor,ST-06,day,45,Permanent
E1126,2026-07-13,32.25,0.0,False,Lerato Motaung,000618XXXX122,Supervisor,ST-06,day,45,Permanent
E1126,2026-07-20,19.25,0.0,False,Lerato Motaung,000618XXXX122,Supervisor,ST-06,day,45,Permanent
E1126,2026-07-27,27.5,0.0,False,Lerato Motaung,000618XXXX122,Supervisor,ST-06,day,45,Permanent
E1126,2026-08-03,31.5,0.0,False,Lerato Motaung,000618XXXX122,Supervisor,ST-06,day,45,Permanent
E1126,2026-08-10,19.5,0.0,False,Lerato Motaung,000618XXXX122,Supervisor,ST-06,day,45,Permanent
E1127,2026-06-08,20.25,0.0,False,L. Motaung,000618XXXX122,Supervisor,ST-04,day,45,Fixed-term
E1127,2026-06-15,23.75,0.0,False,L. Motaung,000618XXXX122,Supervisor,ST-04,day,45,Fixed-term
E1127,2026-06-22,26.25,0.0,False,L. Motaung,000618XXXX122,Supervisor,ST-04,day,45,Fixed-term
E1127,2026-06-29,31.5,0.0,False,L. Motaung,000618XXXX122,Supervisor,ST-04,day,45,Fixed-term
E1127,2026-07-06,27.75,0.0,False,L. Motaung,000618XXXX122,Supervisor,ST-04,day,45,Fixed-term
E1127,2026-07-13,39.5,0.0,False,L. Motaung,000618XXXX122,Supervisor,ST-04,day,45,Fixed-term
E1127,2026-07-20,27.25,0.0,False,L. Motaung,000618XXXX122,Supervisor,ST-04,day,45,Fixed-term
E1127,2026-07-27,28.5,0.0,False,L. Motaung,000618XXXX122,Supervisor,ST-04,day,45,Fixed-term
E1127,2026-08-03,33.75,0.0,False,L. Motaung,000618XXXX122,Supervisor,ST-04,day,45,Fixed-term
E1127,2026-08-10,19.25,0.0,False,L. Motaung,000618XXXX122,Supervisor,ST-04,day,45,Fixed-term
E1128,2026-06-08,49.75,4.75,False,Themba Maluleke,741016XXXX123,Security Guard,ST-04,day,45,Permanent
E1128,2026-06-15,48.25,3.25,False,Themba Maluleke,741016XXXX123,Security Guard,ST-04,day,45,Permanent
E1128,2026-06-22,46.0,1.0,False,Themba Maluleke,741016XXXX123,Security Guard,ST-04,day,45,Permanent
E1128,2026-06-29,47.5,2.5,False,Themba Maluleke,741016XXXX123,Security Guard,ST-04,day,45,Permanent
E1128,2026-07-06,47.5,2.5,False,Themba Maluleke,741016XXXX123,Security Guard,ST-04,day,45,Permanent
E1128,2026-07-13,47.5,2.5,False,Themba Maluleke,741016XXXX123,Security Guard,ST-04,day,45,Permanent
E1128,2026-07-20,45.25,0.25,False,Themba Maluleke,741016XXXX123,Security Guard,ST-04,day,45,Permanent
E1128,2026-07-27,42.75,0.0,False,Themba Maluleke,741016XXXX123,Security Guard,ST-04,day,45,Permanent
E1128,2026-08-03,47.5,2.5,False,Themba Maluleke,741016XXXX123,Security Guard,ST-04,day,45,Permanent
E1128,2026-08-10,12.5,0.0,False,Themba Maluleke,741016XXXX123,Security Guard,ST-04,day,45,Permanent
E1129,2026-06-08,35.75,0.0,False,Lucky Mokoena,040823XXXX124,Cleaner,ST-04,day,45,Fixed-term
E1129,2026-06-15,38.0,0.0,False,Lucky Mokoena,040823XXXX124,Cleaner,ST-04,day,45,Fixed-term
E1129,2026-06-22,38.75,0.0,False,Lucky Mokoena,040823XXXX124,Cleaner,ST-04,day,45,Fixed-term
E1129,2026-06-29,40.0,0.0,False,Lucky Mokoena,040823XXXX124,Cleaner,ST-04,day,45,Fixed-term
E1129,2026-07-06,36.5,0.0,False,Lucky Mokoena,040823XXXX124,Cleaner,ST-04,day,45,Fixed-term
E1129,2026-07-13,35.5,0.0,False,Lucky Mokoena,040823XXXX124,Cleaner,ST-04,day,45,Fixed-term
E1129,2026-07-20,36.75,0.0,False,Lucky Mokoena,040823XXXX124,Cleaner,ST-04,day,45,Fixed-term
E1129,2026-07-27,40.0,0.0,False,Lucky Mokoena,040823XXXX124,Cleaner,ST-04,day,45,Fixed-term
E1129,2026-08-03,36.25,0.0,False,Lucky Mokoena,040823XXXX124,Cleaner,ST-04,day,45,Fixed-term
E1129,2026-08-10,8.0,0.0,False,Lucky Mokoena,040823XXXX124,Cleaner,ST-04,day,45,Fixed-term
E1130,2026-06-08,53.75,8.75,False,Neo Ndlovu,711223XXXX125,Supervisor,ST-02,day,45,Permanent
E1130,2026-06-15,48.75,3.75,False,Neo Ndlovu,711223XXXX125,Supervisor,ST-02,day,45,Permanent
E1130,2026-06-22,53.5,8.5,False,Neo Ndlovu,711223XXXX125,Supervisor,ST-02,day,45,Permanent
E1130,2026-06-29,45.25,0.25,False,Neo Ndlovu,711223XXXX125,Supervisor,ST-02,day,45,Permanent
E1130,2026-07-06,46.5,1.5,False,Neo Ndlovu,711223XXXX125,Supervisor,ST-02,day,45,Permanent
E1130,2026-07-13,60.25,15.25,True,Neo Ndlovu,711223XXXX125,Supervisor,ST-02,day,45,Permanent
E1130,2026-07-20,42.25,0.0,False,Neo Ndlovu,711223XXXX125,Supervisor,ST-02,day,45,Permanent
E1130,2026-07-27,58.25,13.25,True,Neo Ndlovu,711223XXXX125,Supervisor,ST-02,day,45,Permanent
E1130,2026-08-03,38.0,0.0,False,Neo Ndlovu,711223XXXX125,Supervisor,ST-02,day,45,Permanent
E1130,2026-08-10,29.0,0.0,False,Neo Ndlovu,711223XXXX125,Supervisor,ST-02,day,45,Permanent
E1131,2026-06-08,56.5,11.5,True,Musa Mthembu,910724XXXX126,Driver,ST-01,day,45,Permanent
E1131,2026-06-15,41.5,0.0,False,Musa Mthembu,910724XXXX126,Driver,ST-01,day,45,Permanent
E1131,2026-06-22,42.5,0.0,False,Musa Mthembu,910724XXXX126,Driver,ST-01,day,45,Permanent
E1131,2026-06-29,42.25,0.0,False,Musa Mthembu,910724XXXX126,Driver,ST-01,day,45,Permanent
E1131,2026-07-06,52.75,7.75,False,Musa Mthembu,910724XXXX126,Driver,ST-01,day,45,Permanent
E1131,2026-07-13,41.75,0.0,False,Musa Mthembu,910724XXXX126,Driver,ST-01,day,45,Permanent
E1131,2026-07-20,42.75,0.0,False,Musa Mthembu,910724XXXX126,Driver,ST-01,day,45,Permanent
E1131,2026-07-27,40.0,0.0,False,Musa Mthembu,910724XXXX126,Driver,ST-01,day,45,Permanent
E1131,2026-08-03,52.75,7.75,False,Musa Mthembu,910724XXXX126,Driver,ST-01,day,45,Permanent
E1131,2026-08-10,11.5,0.0,False,Musa Mthembu,910724XXXX126,Driver,ST-01,day,45,Permanent
E1132,2026-06-08,55.0,10.0,False,Kabelo Fourie,880318XXXX127,Security Guard,ST-02,night,45,Permanent
E1132,2026-06-15,45.5,0.5,False,Kabelo Fourie,880318XXXX127,Security Guard,ST-02,night,45,Permanent
E1132,2026-06-22,44.25,0.0,False,Kabelo Fourie,880318XXXX127,Security Guard,ST-02,night,45,Permanent
E1132,2026-06-29,37.75,0.0,False,Kabelo Fourie,880318XXXX127,Security Guard,ST-02,night,45,Permanent
E1132,2026-07-06,46.0,1.0,False,Kabelo Fourie,880318XXXX127,Security Guard,ST-02,night,45,Permanent
E1132,2026-07-13,54.0,9.0,False,Kabelo Fourie,880318XXXX127,Security Guard,ST-02,night,45,Permanent
E1132,2026-07-20,57.25,12.25,True,Kabelo Fourie,880318XXXX127,Security Guard,ST-02,night,45,Permanent
E1132,2026-07-27,36.75,0.0,False,Kabelo Fourie,880318XXXX127,Security Guard,ST-02,night,45,Permanent
E1132,2026-08-03,49.25,4.25,False,Kabelo Fourie,880318XXXX127,Security Guard,ST-02,night,45,Permanent
E1132,2026-08-10,25.0,0.0,False,Kabelo Fourie,880318XXXX127,Security Guard,ST-02,night,45,Permanent
E1133,2026-06-08,41.0,0.0,False,Mpho Radebe,030828XXXX128,Cleaner,ST-01,day,45,Permanent
E1133,2026-06-15,40.0,0.0,False,Mpho Radebe,030828XXXX128,Cleaner,ST-01,day,45,Permanent
E1133,2026-06-22,45.5,0.5,False,Mpho Radebe,030828XXXX128,Cleaner,ST-01,day,45,Permanent
E1133,2026-06-29,42.75,0.0,False,Mpho Radebe,030828XXXX128,Cleaner,ST-01,day,45,Permanent
E1133,2026-07-06,43.0,0.0,False,Mpho Radebe,030828XXXX128,Cleaner,ST-01,day,45,Permanent
E1133,2026-07-13,26.5,0.0,False,Mpho Radebe,030828XXXX128,Cleaner,ST-01,day,45,Permanent
E1133,2026-07-20,43.25,0.0,False,Mpho Radebe,030828XXXX128,Cleaner,ST-01,day,45,Permanent
E1133,2026-07-27,43.0,0.0,False,Mpho Radebe,030828XXXX128,Cleaner,ST-01,day,45,Permanent
E1133,2026-08-03,40.0,0.0,False,Mpho Radebe,030828XXXX128,Cleaner,ST-01,day,45,Permanent
E1133,2026-08-10,17.25,0.0,False,Mpho Radebe,030828XXXX128,Cleaner,ST-01,day,45,Permanent
E1134,2026-06-08,37.25,0.0,False,Nadia Sithole,000702XXXX129,Cleaner,ST-04,day,45,Permanent
E1134,2026-06-15,44.75,0.0,False,Nadia Sithole,000702XXXX129,Cleaner,ST-04,day,45,Permanent
E1134,2026-06-22,31.75,0.0,False,Nadia Sithole,000702XXXX129,Cleaner,ST-04,day,45,Permanent
E1134,2026-06-29,35.75,0.0,False,Nadia Sithole,000702XXXX129,Cleaner,ST-04,day,45,Permanent
E1134,2026-07-06,35.5,0.0,False,Nadia Sithole,000702XXXX129,Cleaner,ST-04,day,45,Permanent
E1134,2026-07-13,37.75,0.0,False,Nadia Sithole,000702XXXX129,Cleaner,ST-04,day,45,Permanent
E1134,2026-07-20,37.5,0.0,False,Nadia Sithole,000702XXXX129,Cleaner,ST-04,day,45,Permanent
E1134,2026-07-27,41.25,0.0,False,Nadia Sithole,000702XXXX129,Cleaner,ST-04,day,45,Permanent
E1134,2026-08-03,37.75,0.0,False,Nadia Sithole,000702XXXX129,Cleaner,ST-04,day,45,Permanent
E1134,2026-08-10,19.0,0.0,False,Nadia Sithole,000702XXXX129,Cleaner,ST-04,day,45,Permanent
E1135,2026-06-08,59.25,14.25,True,Tshepo Pillay,821107XXXX130,Cleaner,ST-05,day,45,Permanent
E1135,2026-06-15,45.25,0.25,False,Tshepo Pillay,821107XXXX130,Cleaner,ST-05,day,45,Permanent
E1135,2026-06-22,42.75,0.0,False,Tshepo Pillay,821107XXXX130,Cleaner,ST-05,day,45,Permanent
E1135,2026-06-29,42.0,0.0,False,Tshepo Pillay,821107XXXX130,Cleaner,ST-05,day,45,Permanent
E1135,2026-07-06,27.5,0.0,False,Tshepo Pillay,821107XXXX130,Cleaner,ST-05,day,45,Permanent
E1135,2026-07-13,45.0,0.0,False,Tshepo Pillay,821107XXXX130,Cleaner,ST-05,day,45,Permanent
E1135,2026-07-20,43.25,0.0,False,Tshepo Pillay,821107XXXX130,Cleaner,ST-05,day,45,Permanent
E1135,2026-07-27,42.5,0.0,False,Tshepo Pillay,821107XXXX130,Cleaner,ST-05,day,45,Permanent
E1135,2026-08-03,41.0,0.0,False,Tshepo Pillay,821107XXXX130,Cleaner,ST-05,day,45,Permanent
E1135,2026-08-10,18.5,0.0,False,Tshepo Pillay,821107XXXX130,Cleaner,ST-05,day,45,Permanent
E1136,2026-06-08,39.25,0.0,False,Precious Ndlovu,810516XXXX131,Cleaner,ST-03,day,45,Permanent
E1136,2026-06-15,38.5,0.0,False,Precious Ndlovu,810516XXXX131,Cleaner,ST-03,day,45,Permanent
E1136,2026-06-22,36.75,0.0,False,Precious Ndlovu,810516XXXX131,Cleaner,ST-03,day,45,Permanent
E1136,2026-06-29,37.75,0.0,False,Precious Ndlovu,810516XXXX131,Cleaner,ST-03,day,45,Permanent
E1136,2026-07-06,39.75,0.0,False,Precious Ndlovu,810516XXXX131,Cleaner,ST-03,day,45,Permanent
E1136,2026-07-13,40.75,0.0,False,Precious Ndlovu,810516XXXX131,Cleaner,ST-03,day,45,Permanent
E1136,2026-07-20,43.75,0.0,False,Precious Ndlovu,810516XXXX131,Cleaner,ST-03,day,45,Permanent
E1136,2026-07-27,35.75,0.0,False,Precious Ndlovu,810516XXXX131,Cleaner,ST-03,day,45,Permanent
E1136,2026-08-03,38.25,0.0,False,Precious Ndlovu,810516XXXX131,Cleaner,ST-03,day,45,Permanent
E1136,2026-08-10,27.0,0.0,False,Precious Ndlovu,810516XXXX131,Cleaner,ST-03,day,45,Permanent
E1137,2026-06-08,32.5,0.0,False,Precious Baloyi,001218XXXX132,Kitchen Assistant,ST-05,day,45,Permanent
E1137,2026-06-15,27.25,0.0,False,Precious Baloyi,001218XXXX132,Kitchen Assistant,ST-05,day,45,Permanent
E1137,2026-06-22,35.5,0.0,False,Precious Baloyi,001218XXXX132,Kitchen Assistant,ST-05,day,45,Permanent
E1137,2026-06-29,42.25,0.0,False,Precious Baloyi,001218XXXX132,Kitchen Assistant,ST-05,day,45,Permanent
E1137,2026-07-06,45.5,0.5,False,Precious Baloyi,001218XXXX132,Kitchen Assistant,ST-05,day,45,Permanent
E1137,2026-07-13,34.5,0.0,False,Precious Baloyi,001218XXXX132,Kitchen Assistant,ST-05,day,45,Permanent
E1137,2026-07-20,37.5,0.0,False,Precious Baloyi,001218XXXX132,Kitchen Assistant,ST-05,day,45,Permanent
E1137,2026-07-27,34.5,0.0,False,Precious Baloyi,001218XXXX132,Kitchen Assistant,ST-05,day,45,Permanent
E1137,2026-08-03,50.25,5.25,False,Precious Baloyi,001218XXXX132,Kitchen Assistant,ST-05,day,45,Permanent
E1137,2026-08-10,8.75,0.0,False,Precious Baloyi,001218XXXX132,Kitchen Assistant,ST-05,day,45,Permanent
E1138,2026-06-08,58.0,13.0,True,Riaan Fourie,920715XXXX133,Security Guard,ST-01,night,45,Permanent
E1138,2026-06-15,45.75,0.75,False,Riaan Fourie,920715XXXX133,Security Guard,ST-01,night,45,Permanent
E1138,2026-06-22,44.25,0.0,False,Riaan Fourie,920715XXXX133,Security Guard,ST-01,night,45,Permanent
E1138,2026-06-29,46.25,1.25,False,Riaan Fourie,920715XXXX133,Security Guard,ST-01,night,45,Permanent
E1138,2026-07-06,42.75,0.0,False,Riaan Fourie,920715XXXX133,Security Guard,ST-01,night,45,Permanent
E1138,2026-07-13,48.5,3.5,False,Riaan Fourie,920715XXXX133,Security Guard,ST-01,night,45,Permanent
E1138,2026-07-20,55.25,10.25,True,Riaan Fourie,920715XXXX133,Security Guard,ST-01,night,45,Permanent
E1138,2026-07-27,56.75,11.75,True,Riaan Fourie,920715XXXX133,Security Guard,ST-01,night,45,Permanent
E1138,2026-08-03,38.5,0.0,False,Riaan Fourie,920715XXXX133,Security Guard,ST-01,night,45,Permanent
E1138,2026-08-10,23.75,0.0,False,Riaan Fourie,920715XXXX133,Security Guard,ST-01,night,45,Permanent
E1139,2026-06-08,36.25,0.0,False,Neo Sithole,021108XXXX134,Security Guard,ST-03,night,45,Permanent
E1139,2026-06-15,49.75,4.75,False,Neo Sithole,021108XXXX134,Security Guard,ST-03,night,45,Permanent
E1139,2026-06-22,37.0,0.0,False,Neo Sithole,021108XXXX134,Security Guard,ST-03,night,45,Permanent
E1139,2026-06-29,47.0,2.0,False,Neo Sithole,021108XXXX134,Security Guard,ST-03,night,45,Permanent
E1139,2026-07-06,39.5,0.0,False,Neo Sithole,021108XXXX134,Security Guard,ST-03,night,45,Permanent
E1139,2026-07-13,36.25,0.0,False,Neo Sithole,021108XXXX134,Security Guard,ST-03,night,45,Permanent
E1139,2026-07-20,33.25,0.0,False,Neo Sithole,021108XXXX134,Security Guard,ST-03,night,45,Permanent
E1139,2026-07-27,44.75,0.0,False,Neo Sithole,021108XXXX134,Security Guard,ST-03,night,45,Permanent
E1139,2026-08-03,36.5,0.0,False,Neo Sithole,021108XXXX134,Security Guard,ST-03,night,45,Permanent
E1139,2026-08-10,11.25,0.0,False,Neo Sithole,021108XXXX134,Security Guard,ST-03,night,45,Permanent
E1140,2026-06-08,39.25,0.0,False,Zanele Mthembu,850712XXXX135,Kitchen Assistant,ST-04,day,45,Permanent
E1140,2026-06-15,41.75,0.0,False,Zanele Mthembu,850712XXXX135,Kitchen Assistant,ST-04,day,45,Permanent
E1140,2026-06-22,49.75,4.75,False,Zanele Mthembu,850712XXXX135,Kitchen Assistant,ST-04,day,45,Permanent
E1140,2026-06-29,39.5,0.0,False,Zanele Mthembu,850712XXXX135,Kitchen Assistant,ST-04,day,45,Permanent
E1140,2026-07-06,41.25,0.0,False,Zanele Mthembu,850712XXXX135,Kitchen Assistant,ST-04,day,45,Permanent
E1140,2026-07-13,36.25,0.0,False,Zanele Mthembu,850712XXXX135,Kitchen Assistant,ST-04,day,45,Permanent
E1140,2026-07-20,24.5,0.0,False,Zanele Mthembu,850712XXXX135,Kitchen Assistant,ST-04,day,45,Permanent
E1140,2026-07-27,40.5,0.0,False,Zanele Mthembu,850712XXXX135,Kitchen Assistant,ST-04,day,45,Permanent
E1140,2026-08-03,36.75,0.0,False,Zanele Mthembu,850712XXXX135,Kitchen Assistant,ST-04,day,45,Permanent
E1140,2026-08-10,25.5,0.0,False,Zanele Mthembu,850712XXXX135,Kitchen Assistant,ST-04,day,45,Permanent
E1141,2026-06-08,37.75,0.0,False,Wandile Fourie,870920XXXX136,Security Guard,ST-01,day,45,Fixed-term
E1141,2026-06-15,43.5,0.0,False,Wandile Fourie,870920XXXX136,Security Guard,ST-01,day,45,Fixed-term
E1141,2026-06-22,25.25,0.0,False,Wandile Fourie,870920XXXX136,Security Guard,ST-01,day,45,Fixed-term
E1141,2026-06-29,38.5,0.0,False,Wandile Fourie,870920XXXX136,Security Guard,ST-01,day,45,Fixed-term
E1141,2026-07-06,42.25,0.0,False,Wandile Fourie,870920XXXX136,Security Guard,ST-01,day,45,Fixed-term
E1141,2026-07-13,42.75,0.0,False,Wandile Fourie,870920XXXX136,Security Guard,ST-01,day,45,Fixed-term
E1141,2026-07-20,36.75,0.0,False,Wandile Fourie,870920XXXX136,Security Guard,ST-01,day,45,Fixed-term
E1141,2026-07-27,24.25,0.0,False,Wandile Fourie,870920XXXX136,Security Guard,ST-01,day,45,Fixed-term
E1141,2026-08-03,43.25,0.0,False,Wandile Fourie,870920XXXX136,Security Guard,ST-01,day,45,Fixed-term
E1141,2026-08-10,23.75,0.0,False,Wandile Fourie,870920XXXX136,Security Guard,ST-01,day,45,Fixed-term
E1142,2026-06-08,33.5,0.0,False,Sipho Adams,971126XXXX137,Security Guard,ST-03,day,45,Permanent
E1142,2026-06-15,48.5,3.5,False,Sipho Adams,971126XXXX137,Security Guard,ST-03,day,45,Permanent
E1142,2026-06-22,59.25,14.25,True,Sipho Adams,971126XXXX137,Security Guard,ST-03,day,45,Permanent
E1142,2026-06-29,33.25,0.0,False,Sipho Adams,971126XXXX137,Security Guard,ST-03,day,45,Permanent
E1142,2026-07-06,47.5,2.5,False,Sipho Adams,971126XXXX137,Security Guard,ST-03,day,45,Permanent
E1142,2026-07-13,38.75,0.0,False,Sipho Adams,971126XXXX137,Security Guard,ST-03,day,45,Permanent
E1142,2026-07-20,37.5,0.0,False,Sipho Adams,971126XXXX137,Security Guard,ST-03,day,45,Permanent
E1142,2026-07-27,42.25,0.0,False,Sipho Adams,971126XXXX137,Security Guard,ST-03,day,45,Permanent
E1142,2026-08-03,38.0,0.0,False,Sipho Adams,971126XXXX137,Security Guard,ST-03,day,45,Permanent
E1142,2026-08-10,37.0,0.0,False,Sipho Adams,971126XXXX137,Security Guard,ST-03,day,45,Permanent
E1143,2026-06-08,35.0,0.0,False,Wandile Mavuso,810906XXXX138,Cleaner,ST-02,day,45,Permanent
E1143,2026-06-15,36.5,0.0,False,Wandile Mavuso,810906XXXX138,Cleaner,ST-02,day,45,Permanent
E1143,2026-06-22,24.75,0.0,False,Wandile Mavuso,810906XXXX138,Cleaner,ST-02,day,45,Permanent
E1143,2026-06-29,37.5,0.0,False,Wandile Mavuso,810906XXXX138,Cleaner,ST-02,day,45,Permanent
E1143,2026-07-06,31.75,0.0,False,Wandile Mavuso,810906XXXX138,Cleaner,ST-02,day,45,Permanent
E1143,2026-07-13,27.0,0.0,False,Wandile Mavuso,810906XXXX138,Cleaner,ST-02,day,45,Permanent
E1143,2026-07-20,32.5,0.0,False,Wandile Mavuso,810906XXXX138,Cleaner,ST-02,day,45,Permanent
E1143,2026-07-27,37.5,0.0,False,Wandile Mavuso,810906XXXX138,Cleaner,ST-02,day,45,Permanent
E1143,2026-08-03,46.75,1.75,False,Wandile Mavuso,810906XXXX138,Cleaner,ST-02,day,45,Permanent
E1143,2026-08-10,26.0,0.0,False,Wandile Mavuso,810906XXXX138,Cleaner,ST-02,day,45,Permanent
E1144,2026-06-08,33.0,0.0,False,Fatima Fourie,740802XXXX139,Cleaner,ST-06,day,45,Permanent
E1144,2026-06-15,39.5,0.0,False,Fatima Fourie,740802XXXX139,Cleaner,ST-06,day,45,Permanent
E1144,2026-06-22,36.0,0.0,False,Fatima Fourie,740802XXXX139,Cleaner,ST-06,day,45,Permanent
E1144,2026-06-29,35.0,0.0,False,Fatima Fourie,740802XXXX139,Cleaner,ST-06,day,45,Permanent
E1144,2026-07-06,33.0,0.0,False,Fatima Fourie,740802XXXX139,Cleaner,ST-06,day,45,Permanent
E1144,2026-07-13,37.5,0.0,False,Fatima Fourie,740802XXXX139,Cleaner,ST-06,day,45,Permanent
E1144,2026-07-20,39.25,0.0,False,Fatima Fourie,740802XXXX139,Cleaner,ST-06,day,45,Permanent
E1144,2026-07-27,36.25,0.0,False,Fatima Fourie,740802XXXX139,Cleaner,ST-06,day,45,Permanent
E1144,2026-08-03,48.0,3.0,False,Fatima Fourie,740802XXXX139,Cleaner,ST-06,day,45,Permanent
E1144,2026-08-10,8.75,0.0,False,Fatima Fourie,740802XXXX139,Cleaner,ST-06,day,45,Permanent
E1145,2026-06-08,37.0,0.0,False,Mpho Botha,861209XXXX140,Security Guard,ST-03,night,45,Permanent
E1145,2026-06-15,38.75,0.0,False,Mpho Botha,861209XXXX140,Security Guard,ST-03,night,45,Permanent
E1145,2026-06-22,46.0,1.0,False,Mpho Botha,861209XXXX140,Security Guard,ST-03,night,45,Permanent
E1145,2026-06-29,25.5,0.0,False,Mpho Botha,861209XXXX140,Security Guard,ST-03,night,45,Permanent
E1145,2026-07-06,35.75,0.0,False,Mpho Botha,861209XXXX140,Security Guard,ST-03,night,45,Permanent
E1145,2026-07-13,39.25,0.0,False,Mpho Botha,861209XXXX140,Security Guard,ST-03,night,45,Permanent
E1145,2026-07-20,37.0,0.0,False,Mpho Botha,861209XXXX140,Security Guard,ST-03,night,45,Permanent
E1145,2026-07-27,36.25,0.0,False,Mpho Botha,861209XXXX140,Security Guard,ST-03,night,45,Permanent
E1145,2026-08-03,26.5,0.0,False,Mpho Botha,861209XXXX140,Security Guard,ST-03,night,45,Permanent
E1145,2026-08-10,0.0,0.0,False,Mpho Botha,861209XXXX140,Security Guard,ST-03,night,45,Permanent
E1146,2026-06-08,42.0,0.0,False,Tshepo Ngcobo,040708XXXX141,Security Guard,ST-04,night,45,Fixed-term
E1146,2026-06-15,49.0,4.0,False,Tshepo Ngcobo,040708XXXX141,Security Guard,ST-04,night,45,Fixed-term
E1146,2026-06-22,38.75,0.0,False,Tshepo Ngcobo,040708XXXX141,Security Guard,ST-04,night,45,Fixed-term
E1146,2026-06-29,42.0,0.0,False,Tshepo Ngcobo,040708XXXX141,Security Guard,ST-04,night,45,Fixed-term
E1146,2026-07-06,36.75,0.0,False,Tshepo Ngcobo,040708XXXX141,Security Guard,ST-04,night,45,Fixed-term
E1146,2026-07-13,37.5,0.0,False,Tshepo Ngcobo,040708XXXX141,Security Guard,ST-04,night,45,Fixed-term
E1146,2026-07-20,37.0,0.0,False,Tshepo Ngcobo,040708XXXX141,Security Guard,ST-04,night,45,Fixed-term
E1146,2026-07-27,37.75,0.0,False,Tshepo Ngcobo,040708XXXX141,Security Guard,ST-04,night,45,Fixed-term
E1146,2026-08-03,37.75,0.0,False,Tshepo Ngcobo,040708XXXX141,Security Guard,ST-04,night,45,Fixed-term
E1146,2026-08-10,25.25,0.0,False,Tshepo Ngcobo,040708XXXX141,Security Guard,ST-04,night,45,Fixed-term
E1147,2026-06-08,35.75,0.0,False,Sindiswa Fourie,011126XXXX142,Security Guard,ST-01,day,45,Permanent
E1147,2026-06-15,51.25,6.25,False,Sindiswa Fourie,011126XXXX142,Security Guard,ST-01,day,45,Permanent
E1147,2026-06-22,44.75,0.0,False,Sindiswa Fourie,011126XXXX142,Security Guard,ST-01,day,45,Permanent
E1147,2026-06-29,36.25,0.0,False,Sindiswa Fourie,011126XXXX142,Security Guard,ST-01,day,45,Permanent
E1147,2026-07-06,43.0,0.0,False,Sindiswa Fourie,011126XXXX142,Security Guard,ST-01,day,45,Permanent
E1147,2026-07-13,37.75,0.0,False,Sindiswa Fourie,011126XXXX142,Security Guard,ST-01,day,45,Permanent
E1147,2026-07-20,38.25,0.0,False,Sindiswa Fourie,011126XXXX142,Security Guard,ST-01,day,45,Permanent
E1147,2026-07-27,44.25,0.0,False,Sindiswa Fourie,011126XXXX142,Security Guard,ST-01,day,45,Permanent
E1147,2026-08-03,42.25,0.0,False,Sindiswa Fourie,011126XXXX142,Security Guard,ST-01,day,45,Permanent
E1147,2026-08-10,12.0,0.0,False,Sindiswa Fourie,011126XXXX142,Security Guard,ST-01,day,45,Permanent
E1148,2026-06-08,38.0,0.0,False,Sanele Tshabalala,871121XXXX143,Cleaner,ST-01,day,45,Permanent
E1148,2026-06-15,39.25,0.0,False,Sanele Tshabalala,871121XXXX143,Cleaner,ST-01,day,45,Permanent
E1148,2026-06-22,38.75,0.0,False,Sanele Tshabalala,871121XXXX143,Cleaner,ST-01,day,45,Permanent
E1148,2026-06-29,35.75,0.0,False,Sanele Tshabalala,871121XXXX143,Cleaner,ST-01,day,45,Permanent
E1148,2026-07-06,38.25,0.0,False,Sanele Tshabalala,871121XXXX143,Cleaner,ST-01,day,45,Permanent
E1148,2026-07-13,36.5,0.0,False,Sanele Tshabalala,871121XXXX143,Cleaner,ST-01,day,45,Permanent
E1148,2026-07-20,44.0,0.0,False,Sanele Tshabalala,871121XXXX143,Cleaner,ST-01,day,45,Permanent
E1148,2026-07-27,46.5,1.5,False,Sanele Tshabalala,871121XXXX143,Cleaner,ST-01,day,45,Permanent
E1148,2026-08-03,36.5,0.0,False,Sanele Tshabalala,871121XXXX143,Cleaner,ST-01,day,45,Permanent
E1148,2026-08-10,17.5,0.0,False,Sanele Tshabalala,871121XXXX143,Cleaner,ST-01,day,45,Permanent
E1149,2026-06-08,36.5,0.0,False,Kagiso Mavuso,040316XXXX144,Security Guard,ST-05,day,45,Permanent
E1149,2026-06-15,44.25,0.0,False,Kagiso Mavuso,040316XXXX144,Security Guard,ST-05,day,45,Permanent
E1149,2026-06-22,47.0,2.0,False,Kagiso Mavuso,040316XXXX144,Security Guard,ST-05,day,45,Permanent
E1149,2026-06-29,44.0,0.0,False,Kagiso Mavuso,040316XXXX144,Security Guard,ST-05,day,45,Permanent
E1149,2026-07-06,21.25,0.0,False,Kagiso Mavuso,040316XXXX144,Security Guard,ST-05,day,45,Permanent
E1149,2026-07-13,37.75,0.0,False,Kagiso Mavuso,040316XXXX144,Security Guard,ST-05,day,45,Permanent
E1149,2026-07-20,46.75,1.75,False,Kagiso Mavuso,040316XXXX144,Security Guard,ST-05,day,45,Permanent
E1149,2026-07-27,38.0,0.0,False,Kagiso Mavuso,040316XXXX144,Security Guard,ST-05,day,45,Permanent
E1149,2026-08-03,24.5,0.0,False,Kagiso Mavuso,040316XXXX144,Security Guard,ST-05,day,45,Permanent
E1149,2026-08-10,11.75,0.0,False,Kagiso Mavuso,040316XXXX144,Security Guard,ST-05,day,45,Permanent
E1150,2026-06-08,45.5,0.5,False,Elrico Mabaso,040112XXXX145,Security Guard,ST-06,night,45,Permanent
E1150,2026-06-15,45.75,0.75,False,Elrico Mabaso,040112XXXX145,Security Guard,ST-06,night,45,Permanent
E1150,2026-06-22,33.0,0.0,False,Elrico Mabaso,040112XXXX145,Security Guard,ST-06,night,45,Permanent
E1150,2026-06-29,43.25,0.0,False,Elrico Mabaso,040112XXXX145,Security Guard,ST-06,night,45,Permanent
E1150,2026-07-06,43.75,0.0,False,Elrico Mabaso,040112XXXX145,Security Guard,ST-06,night,45,Permanent
E1150,2026-07-13,44.25,0.0,False,Elrico Mabaso,040112XXXX145,Security Guard,ST-06,night,45,Permanent
E1150,2026-07-20,38.75,0.0,False,Elrico Mabaso,040112XXXX145,Security Guard,ST-06,night,45,Permanent
E1150,2026-07-27,45.25,0.25,False,Elrico Mabaso,040112XXXX145,Security Guard,ST-06,night,45,Permanent
E1150,2026-08-03,52.0,7.0,False,Elrico Mabaso,040112XXXX145,Security Guard,ST-06,night,45,Permanent
E1150,2026-08-10,11.5,0.0,False,Elrico Mabaso,040112XXXX145,Security Guard,ST-06,night,45,Permanent
E1151,2026-06-08,54.5,9.5,False,Fatima Botha,740227XXXX146,Cleaner,ST-04,day,45,Permanent
E1151,2026-06-15,52.25,7.25,False,Fatima Botha,740227XXXX146,Cleaner,ST-04,day,45,Permanent
E1151,2026-06-22,45.75,0.75,False,Fatima Botha,740227XXXX146,Cleaner,ST-04,day,45,Permanent
E1151,2026-06-29,36.5,0.0,False,Fatima Botha,740227XXXX146,Cleaner,ST-04,day,45,Permanent
E1151,2026-07-06,42.5,0.0,False,Fatima Botha,740227XXXX146,Cleaner,ST-04,day,45,Permanent
E1151,2026-07-13,41.0,0.0,False,Fatima Botha,740227XXXX146,Cleaner,ST-04,day,45,Permanent
E1151,2026-07-20,46.75,1.75,False,Fatima Botha,740227XXXX146,Cleaner,ST-04,day,45,Permanent
E1151,2026-07-27,43.0,0.0,False,Fatima Botha,740227XXXX146,Cleaner,ST-04,day,45,Permanent
E1151,2026-08-03,25.75,0.0,False,Fatima Botha,740227XXXX146,Cleaner,ST-04,day,45,Permanent
E1151,2026-08-10,26.5,0.0,False,Fatima Botha,740227XXXX146,Cleaner,ST-04,day,45,Permanent
E1152,2026-06-08,37.5,0.0,False,Neo Van Wyk,000304XXXX147,Security Guard,ST-06,day,45,Permanent
E1152,2026-06-15,48.0,3.0,False,Neo Van Wyk,000304XXXX147,Security Guard,ST-06,day,45,Permanent
E1152,2026-06-22,44.5,0.0,False,Neo Van Wyk,000304XXXX147,Security Guard,ST-06,day,45,Permanent
E1152,2026-06-29,43.75,0.0,False,Neo Van Wyk,000304XXXX147,Security Guard,ST-06,day,45,Permanent
E1152,2026-07-06,34.75,0.0,False,Neo Van Wyk,000304XXXX147,Security Guard,ST-06,day,45,Permanent
E1152,2026-07-13,43.0,0.0,False,Neo Van Wyk,000304XXXX147,Security Guard,ST-06,day,45,Permanent
E1152,2026-07-20,33.25,0.0,False,Neo Van Wyk,000304XXXX147,Security Guard,ST-06,day,45,Permanent
E1152,2026-07-27,46.75,1.75,False,Neo Van Wyk,000304XXXX147,Security Guard,ST-06,day,45,Permanent
E1152,2026-08-03,44.25,0.0,False,Neo Van Wyk,000304XXXX147,Security Guard,ST-06,day,45,Permanent
E1152,2026-08-10,28.75,0.0,False,Neo Van Wyk,000304XXXX147,Security Guard,ST-06,day,45,Permanent
E1153,2026-06-08,41.5,0.0,False,Mpho Van Wyk,870521XXXX148,Kitchen Assistant,ST-02,day,45,Permanent
E1153,2026-06-15,43.25,0.0,False,Mpho Van Wyk,870521XXXX148,Kitchen Assistant,ST-02,day,45,Permanent
E1153,2026-06-22,42.0,0.0,False,Mpho Van Wyk,870521XXXX148,Kitchen Assistant,ST-02,day,45,Permanent
E1153,2026-06-29,44.75,0.0,False,Mpho Van Wyk,870521XXXX148,Kitchen Assistant,ST-02,day,45,Permanent
E1153,2026-07-06,45.0,0.0,False,Mpho Van Wyk,870521XXXX148,Kitchen Assistant,ST-02,day,45,Permanent
E1153,2026-07-13,44.5,0.0,False,Mpho Van Wyk,870521XXXX148,Kitchen Assistant,ST-02,day,45,Permanent
E1153,2026-07-20,44.25,0.0,False,Mpho Van Wyk,870521XXXX148,Kitchen Assistant,ST-02,day,45,Permanent
E1153,2026-07-27,44.5,0.0,False,Mpho Van Wyk,870521XXXX148,Kitchen Assistant,ST-02,day,45,Permanent
E1153,2026-08-03,48.0,3.0,False,Mpho Van Wyk,870521XXXX148,Kitchen Assistant,ST-02,day,45,Permanent
E1153,2026-08-10,28.25,0.0,False,Mpho Van Wyk,870521XXXX148,Kitchen Assistant,ST-02,day,45,Permanent
E1154,2026-06-08,39.5,0.0,False,Lerato Manuel,860321XXXX149,Cleaner,ST-04,day,45,Fixed-term
E1154,2026-06-15,41.5,0.0,False,Lerato Manuel,860321XXXX149,Cleaner,ST-04,day,45,Fixed-term
E1154,2026-06-22,41.0,0.0,False,Lerato Manuel,860321XXXX149,Cleaner,ST-04,day,45,Fixed-term
E1154,2026-06-29,39.25,0.0,False,Lerato Manuel,860321XXXX149,Cleaner,ST-04,day,45,Fixed-term
E1154,2026-07-06,42.0,0.0,False,Lerato Manuel,860321XXXX149,Cleaner,ST-04,day,45,Fixed-term
E1154,2026-07-13,45.25,0.25,False,Lerato Manuel,860321XXXX149,Cleaner,ST-04,day,45,Fixed-term
E1154,2026-07-20,40.5,0.0,False,Lerato Manuel,860321XXXX149,Cleaner,ST-04,day,45,Fixed-term
E1154,2026-07-27,46.5,1.5,False,Lerato Manuel,860321XXXX149,Cleaner,ST-04,day,45,Fixed-term
E1154,2026-08-03,43.25,0.0,False,Lerato Manuel,860321XXXX149,Cleaner,ST-04,day,45,Fixed-term
E1154,2026-08-10,9.25,0.0,False,Lerato Manuel,860321XXXX149,Cleaner,ST-04,day,45,Fixed-term
E1155,2026-06-08,49.75,4.75,False,Gift Molefe,751207XXXX150,Security Guard,ST-03,day,45,Permanent
E1155,2026-06-15,34.25,0.0,False,Gift Molefe,751207XXXX150,Security Guard,ST-03,day,45,Permanent
E1155,2026-06-22,42.5,0.0,False,Gift Molefe,751207XXXX150,Security Guard,ST-03,day,45,Permanent
E1155,2026-06-29,43.25,0.0,False,Gift Molefe,751207XXXX150,Security Guard,ST-03,day,45,Permanent
E1155,2026-07-06,45.75,0.75,False,Gift Molefe,751207XXXX150,Security Guard,ST-03,day,45,Permanent
E1155,2026-07-13,57.0,12.0,True,Gift Molefe,751207XXXX150,Security Guard,ST-03,day,45,Permanent
E1155,2026-07-20,38.75,0.0,False,Gift Molefe,751207XXXX150,Security Guard,ST-03,day,45,Permanent
E1155,2026-07-27,46.0,1.0,False,Gift Molefe,751207XXXX150,Security Guard,ST-03,day,45,Permanent
E1155,2026-08-03,43.25,0.0,False,Gift Molefe,751207XXXX150,Security Guard,ST-03,day,45,Permanent
E1155,2026-08-10,12.0,0.0,False,Gift Molefe,751207XXXX150,Security Guard,ST-03,day,45,Permanent
E1156,2026-06-08,45.5,0.5,False,Andile Pillay,800221XXXX151,Kitchen Assistant,ST-04,day,45,Permanent
E1156,2026-06-15,51.75,6.75,False,Andile Pillay,800221XXXX151,Kitchen Assistant,ST-04,day,45,Permanent
E1156,2026-06-22,43.0,0.0,False,Andile Pillay,800221XXXX151,Kitchen Assistant,ST-04,day,45,Permanent
E1156,2026-06-29,39.0,0.0,False,Andile Pillay,800221XXXX151,Kitchen Assistant,ST-04,day,45,Permanent
E1156,2026-07-06,42.0,0.0,False,Andile Pillay,800221XXXX151,Kitchen Assistant,ST-04,day,45,Permanent
E1156,2026-07-13,41.0,0.0,False,Andile Pillay,800221XXXX151,Kitchen Assistant,ST-04,day,45,Permanent
E1156,2026-07-20,47.75,2.75,False,Andile Pillay,800221XXXX151,Kitchen Assistant,ST-04,day,45,Permanent
E1156,2026-07-27,43.5,0.0,False,Andile Pillay,800221XXXX151,Kitchen Assistant,ST-04,day,45,Permanent
E1156,2026-08-03,42.75,0.0,False,Andile Pillay,800221XXXX151,Kitchen Assistant,ST-04,day,45,Permanent
E1156,2026-08-10,26.75,0.0,False,Andile Pillay,800221XXXX151,Kitchen Assistant,ST-04,day,45,Permanent
E1157,2026-06-08,42.0,0.0,False,Sipho Botha,961226XXXX152,Security Guard,ST-05,day,45,Permanent
E1157,2026-06-15,45.75,0.75,False,Sipho Botha,961226XXXX152,Security Guard,ST-05,day,45,Permanent
E1157,2026-06-22,31.5,0.0,False,Sipho Botha,961226XXXX152,Security Guard,ST-05,day,45,Permanent
E1157,2026-06-29,55.5,10.5,True,Sipho Botha,961226XXXX152,Security Guard,ST-05,day,45,Permanent
E1157,2026-07-06,32.5,0.0,False,Sipho Botha,961226XXXX152,Security Guard,ST-05,day,45,Permanent
E1157,2026-07-13,45.75,0.75,False,Sipho Botha,961226XXXX152,Security Guard,ST-05,day,45,Permanent
E1157,2026-07-20,45.5,0.5,False,Sipho Botha,961226XXXX152,Security Guard,ST-05,day,45,Permanent
E1157,2026-07-27,47.25,2.25,False,Sipho Botha,961226XXXX152,Security Guard,ST-05,day,45,Permanent
E1157,2026-08-03,43.25,0.0,False,Sipho Botha,961226XXXX152,Security Guard,ST-05,day,45,Permanent
E1157,2026-08-10,0.0,0.0,False,Sipho Botha,961226XXXX152,Security Guard,ST-05,day,45,Permanent
E1158,2026-06-08,45.25,0.25,False,Mpho Mokoena,040922XXXX153,Supervisor,ST-04,day,45,Permanent
E1158,2026-06-15,44.25,0.0,False,Mpho Mokoena,040922XXXX153,Supervisor,ST-04,day,45,Permanent
E1158,2026-06-22,37.25,0.0,False,Mpho Mokoena,040922XXXX153,Supervisor,ST-04,day,45,Permanent
E1158,2026-06-29,41.25,0.0,False,Mpho Mokoena,040922XXXX153,Supervisor,ST-04,day,45,Permanent
E1158,2026-07-06,41.75,0.0,False,Mpho Mokoena,040922XXXX153,Supervisor,ST-04,day,45,Permanent
E1158,2026-07-13,41.5,0.0,False,Mpho Mokoena,040922XXXX153,Supervisor,ST-04,day,45,Permanent
E1158,2026-07-20,40.5,0.0,False,Mpho Mokoena,040922XXXX153,Supervisor,ST-04,day,45,Permanent
E1158,2026-07-27,38.0,0.0,False,Mpho Mokoena,040922XXXX153,Supervisor,ST-04,day,45,Permanent
E1158,2026-08-03,43.75,0.0,False,Mpho Mokoena,040922XXXX153,Supervisor,ST-04,day,45,Permanent
E1158,2026-08-10,18.75,0.0,False,Mpho Mokoena,040922XXXX153,Supervisor,ST-04,day,45,Permanent
E1159,2026-06-08,43.0,0.0,False,Nomsa Radebe,020512XXXX154,Security Guard,ST-06,night,45,Permanent
E1159,2026-06-15,50.0,5.0,False,Nomsa Radebe,020512XXXX154,Security Guard,ST-06,night,45,Permanent
E1159,2026-06-22,42.25,0.0,False,Nomsa Radebe,020512XXXX154,Security Guard,ST-06,night,45,Permanent
E1159,2026-06-29,44.75,0.0,False,Nomsa Radebe,020512XXXX154,Security Guard,ST-06,night,45,Permanent
E1159,2026-07-06,37.25,0.0,False,Nomsa Radebe,020512XXXX154,Security Guard,ST-06,night,45,Permanent
E1159,2026-07-13,43.5,0.0,False,Nomsa Radebe,020512XXXX154,Security Guard,ST-06,night,45,Permanent
E1159,2026-07-20,37.25,0.0,False,Nomsa Radebe,020512XXXX154,Security Guard,ST-06,night,45,Permanent
E1159,2026-07-27,42.25,0.0,False,Nomsa Radebe,020512XXXX154,Security Guard,ST-06,night,45,Permanent
E1159,2026-08-03,43.25,0.0,False,Nomsa Radebe,020512XXXX154,Security Guard,ST-06,night,45,Permanent
E1159,2026-08-10,11.75,0.0,False,Nomsa Radebe,020512XXXX154,Security Guard,ST-06,night,45,Permanent
E1160,2026-06-08,39.0,0.0,False,Nomsa Van Wyk,850502XXXX155,Supervisor,ST-01,day,45,Permanent
E1160,2026-06-15,42.25,0.0,False,Nomsa Van Wyk,850502XXXX155,Supervisor,ST-01,day,45,Permanent
E1160,2026-06-22,37.25,0.0,False,Nomsa Van Wyk,850502XXXX155,Supervisor,ST-01,day,45,Permanent
E1160,2026-06-29,37.5,0.0,False,Nomsa Van Wyk,850502XXXX155,Supervisor,ST-01,day,45,Permanent
E1160,2026-07-06,40.0,0.0,False,Nomsa Van Wyk,850502XXXX155,Supervisor,ST-01,day,45,Permanent
E1160,2026-07-13,35.25,0.0,False,Nomsa Van Wyk,850502XXXX155,Supervisor,ST-01,day,45,Permanent
E1160,2026-07-20,38.25,0.0,False,Nomsa Van Wyk,850502XXXX155,Supervisor,ST-01,day,45,Permanent
E1160,2026-07-27,38.0,0.0,False,Nomsa Van Wyk,850502XXXX155,Supervisor,ST-01,day,45,Permanent
E1160,2026-08-03,39.0,0.0,False,Nomsa Van Wyk,850502XXXX155,Supervisor,ST-01,day,45,Permanent
E1160,2026-08-10,19.25,0.0,False,Nomsa Van Wyk,850502XXXX155,Supervisor,ST-01,day,45,Permanent
E1161,2026-06-08,45.75,0.75,False,Xolani September,940913XXXX156,Security Guard,ST-05,day,45,Permanent
E1161,2026-06-15,45.25,0.25,False,Xolani September,940913XXXX156,Security Guard,ST-05,day,45,Permanent
E1161,2026-06-22,51.75,6.75,False,Xolani September,940913XXXX156,Security Guard,ST-05,day,45,Permanent
E1161,2026-06-29,45.0,0.0,False,Xolani September,940913XXXX156,Security Guard,ST-05,day,45,Permanent
E1161,2026-07-06,44.25,0.0,False,Xolani September,940913XXXX156,Security Guard,ST-05,day,45,Permanent
E1161,2026-07-13,47.75,2.75,False,Xolani September,940913XXXX156,Security Guard,ST-05,day,45,Permanent
E1161,2026-07-20,57.0,12.0,True,Xolani September,940913XXXX156,Security Guard,ST-05,day,45,Permanent
E1161,2026-07-27,36.75,0.0,False,Xolani September,940913XXXX156,Security Guard,ST-05,day,45,Permanent
E1161,2026-08-03,42.5,0.0,False,Xolani September,940913XXXX156,Security Guard,ST-05,day,45,Permanent
E1161,2026-08-10,12.5,0.0,False,Xolani September,940913XXXX156,Security Guard,ST-05,day,45,Permanent
E1162,2026-06-08,32.25,0.0,False,Anele Naidoo,931223XXXX157,Driver,ST-03,day,45,Permanent
E1162,2026-06-15,51.0,6.0,False,Anele Naidoo,931223XXXX157,Driver,ST-03,day,45,Permanent
E1162,2026-06-22,56.0,11.0,True,Anele Naidoo,931223XXXX157,Driver,ST-03,day,45,Permanent
E1162,2026-06-29,41.5,0.0,False,Anele Naidoo,931223XXXX157,Driver,ST-03,day,45,Permanent
E1162,2026-07-06,40.0,0.0,False,Anele Naidoo,931223XXXX157,Driver,ST-03,day,45,Permanent
E1162,2026-07-13,42.25,0.0,False,Anele Naidoo,931223XXXX157,Driver,ST-03,day,45,Permanent
E1162,2026-07-20,41.25,0.0,False,Anele Naidoo,931223XXXX157,Driver,ST-03,day,45,Permanent
E1162,2026-07-27,52.25,7.25,False,Anele Naidoo,931223XXXX157,Driver,ST-03,day,45,Permanent
E1162,2026-08-03,52.5,7.5,False,Anele Naidoo,931223XXXX157,Driver,ST-03,day,45,Permanent
E1162,2026-08-10,29.25,0.0,False,Anele Naidoo,931223XXXX157,Driver,ST-03,day,45,Permanent
E1163,2026-06-08,49.0,4.0,False,Zodwa Khumalo,030316XXXX158,Kitchen Assistant,ST-01,day,45,Fixed-term
E1163,2026-06-15,46.5,1.5,False,Zodwa Khumalo,030316XXXX158,Kitchen Assistant,ST-01,day,45,Fixed-term
E1163,2026-06-22,59.5,14.5,True,Zodwa Khumalo,030316XXXX158,Kitchen Assistant,ST-01,day,45,Fixed-term
E1163,2026-06-29,44.75,0.0,False,Zodwa Khumalo,030316XXXX158,Kitchen Assistant,ST-01,day,45,Fixed-term
E1163,2026-07-06,47.25,2.25,False,Zodwa Khumalo,030316XXXX158,Kitchen Assistant,ST-01,day,45,Fixed-term
E1163,2026-07-13,44.25,0.0,False,Zodwa Khumalo,030316XXXX158,Kitchen Assistant,ST-01,day,45,Fixed-term
E1163,2026-07-20,43.75,0.0,False,Zodwa Khumalo,030316XXXX158,Kitchen Assistant,ST-01,day,45,Fixed-term
E1163,2026-07-27,46.0,1.0,False,Zodwa Khumalo,030316XXXX158,Kitchen Assistant,ST-01,day,45,Fixed-term
E1163,2026-08-03,47.25,2.25,False,Zodwa Khumalo,030316XXXX158,Kitchen Assistant,ST-01,day,45,Fixed-term
E1163,2026-08-10,26.75,0.0,False,Zodwa Khumalo,030316XXXX158,Kitchen Assistant,ST-01,day,45,Fixed-term
E1164,2026-06-08,39.75,0.0,False,Thabo Ndlovu,920603XXXX159,Kitchen Assistant,ST-04,day,45,Permanent
E1164,2026-06-15,45.25,0.25,False,Thabo Ndlovu,920603XXXX159,Kitchen Assistant,ST-04,day,45,Permanent
E1164,2026-06-22,44.0,0.0,False,Thabo Ndlovu,920603XXXX159,Kitchen Assistant,ST-04,day,45,Permanent
E1164,2026-06-29,45.25,0.25,False,Thabo Ndlovu,920603XXXX159,Kitchen Assistant,ST-04,day,45,Permanent
E1164,2026-07-06,44.0,0.0,False,Thabo Ndlovu,920603XXXX159,Kitchen Assistant,ST-04,day,45,Permanent
E1164,2026-07-13,45.25,0.25,False,Thabo Ndlovu,920603XXXX159,Kitchen Assistant,ST-04,day,45,Permanent
E1164,2026-07-20,33.5,0.0,False,Thabo Ndlovu,920603XXXX159,Kitchen Assistant,ST-04,day,45,Permanent
E1164,2026-07-27,40.75,0.0,False,Thabo Ndlovu,920603XXXX159,Kitchen Assistant,ST-04,day,45,Permanent
E1164,2026-08-03,45.5,0.5,False,Thabo Ndlovu,920603XXXX159,Kitchen Assistant,ST-04,day,45,Permanent
E1164,2026-08-10,27.25,0.0,False,Thabo Ndlovu,920603XXXX159,Kitchen Assistant,ST-04,day,45,Permanent
E1165,2026-06-08,44.5,0.0,False,Dineo Dlamini,000919XXXX160,Supervisor,ST-05,day,45,Permanent
E1165,2026-06-15,45.25,0.25,False,Dineo Dlamini,000919XXXX160,Supervisor,ST-05,day,45,Permanent
E1165,2026-06-22,41.25,0.0,False,Dineo Dlamini,000919XXXX160,Supervisor,ST-05,day,45,Permanent
E1165,2026-06-29,45.75,0.75,False,Dineo Dlamini,000919XXXX160,Supervisor,ST-05,day,45,Permanent
E1165,2026-07-06,40.75,0.0,False,Dineo Dlamini,000919XXXX160,Supervisor,ST-05,day,45,Permanent
E1165,2026-07-13,44.5,0.0,False,Dineo Dlamini,000919XXXX160,Supervisor,ST-05,day,45,Permanent
E1165,2026-07-20,45.75,0.75,False,Dineo Dlamini,000919XXXX160,Supervisor,ST-05,day,45,Permanent
E1165,2026-07-27,46.75,1.75,False,Dineo Dlamini,000919XXXX160,Supervisor,ST-05,day,45,Permanent
E1165,2026-08-03,50.75,5.75,False,Dineo Dlamini,000919XXXX160,Supervisor,ST-05,day,45,Permanent
E1165,2026-08-10,18.0,0.0,False,Dineo Dlamini,000919XXXX160,Supervisor,ST-05,day,45,Permanent
E1166,2026-06-08,43.0,0.0,False,Yusuf Dlamini,920102XXXX161,Driver,ST-06,day,45,Permanent
E1166,2026-06-15,45.0,0.0,False,Yusuf Dlamini,920102XXXX161,Driver,ST-06,day,45,Permanent
E1166,2026-06-22,42.25,0.0,False,Yusuf Dlamini,920102XXXX161,Driver,ST-06,day,45,Permanent
E1166,2026-06-29,43.5,0.0,False,Yusuf Dlamini,920102XXXX161,Driver,ST-06,day,45,Permanent
E1166,2026-07-06,45.0,0.0,False,Yusuf Dlamini,920102XXXX161,Driver,ST-06,day,45,Permanent
E1166,2026-07-13,49.0,4.0,False,Yusuf Dlamini,920102XXXX161,Driver,ST-06,day,45,Permanent
E1166,2026-07-20,49.75,4.75,False,Yusuf Dlamini,920102XXXX161,Driver,ST-06,day,45,Permanent
E1166,2026-07-27,46.75,1.75,False,Yusuf Dlamini,920102XXXX161,Driver,ST-06,day,45,Permanent
E1166,2026-08-03,42.75,0.0,False,Yusuf Dlamini,920102XXXX161,Driver,ST-06,day,45,Permanent
E1166,2026-08-10,22.0,0.0,False,Yusuf Dlamini,920102XXXX161,Driver,ST-06,day,45,Permanent
E1167,2026-06-08,44.75,0.0,False,Mandla Mabaso,020413XXXX162,Security Guard,ST-02,day,45,Permanent
E1167,2026-06-15,35.0,0.0,False,Mandla Mabaso,020413XXXX162,Security Guard,ST-02,day,45,Permanent
E1167,2026-06-22,37.5,0.0,False,Mandla Mabaso,020413XXXX162,Security Guard,ST-02,day,45,Permanent
E1167,2026-06-29,38.75,0.0,False,Mandla Mabaso,020413XXXX162,Security Guard,ST-02,day,45,Permanent
E1167,2026-07-06,46.25,1.25,False,Mandla Mabaso,020413XXXX162,Security Guard,ST-02,day,45,Permanent
E1167,2026-07-13,42.75,0.0,False,Mandla Mabaso,020413XXXX162,Security Guard,ST-02,day,45,Permanent
E1167,2026-07-20,44.75,0.0,False,Mandla Mabaso,020413XXXX162,Security Guard,ST-02,day,45,Permanent
E1167,2026-07-27,46.25,1.25,False,Mandla Mabaso,020413XXXX162,Security Guard,ST-02,day,45,Permanent
E1167,2026-08-03,45.0,0.0,False,Mandla Mabaso,020413XXXX162,Security Guard,ST-02,day,45,Permanent
E1167,2026-08-10,23.75,0.0,False,Mandla Mabaso,020413XXXX162,Security Guard,ST-02,day,45,Permanent
E1168,2026-06-08,43.75,0.0,False,Gift Radebe,780820XXXX163,Driver,ST-04,day,45,Permanent
E1168,2026-06-15,43.0,0.0,False,Gift Radebe,780820XXXX163,Driver,ST-04,day,45,Permanent
E1168,2026-06-22,42.0,0.0,False,Gift Radebe,780820XXXX163,Driver,ST-04,day,45,Permanent
E1168,2026-06-29,47.0,2.0,False,Gift Radebe,780820XXXX163,Driver,ST-04,day,45,Permanent
E1168,2026-07-06,45.25,0.25,False,Gift Radebe,780820XXXX163,Driver,ST-04,day,45,Permanent
E1168,2026-07-13,47.25,2.25,False,Gift Radebe,780820XXXX163,Driver,ST-04,day,45,Permanent
E1168,2026-07-20,42.0,0.0,False,Gift Radebe,780820XXXX163,Driver,ST-04,day,45,Permanent
E1168,2026-07-27,43.0,0.0,False,Gift Radebe,780820XXXX163,Driver,ST-04,day,45,Permanent
E1168,2026-08-03,42.75,0.0,False,Gift Radebe,780820XXXX163,Driver,ST-04,day,45,Permanent
E1168,2026-08-10,29.5,0.0,False,Gift Radebe,780820XXXX163,Driver,ST-04,day,45,Permanent
E1169,2026-06-08,44.0,0.0,False,Pieter Sibiya,041120XXXX164,Cleaner,ST-05,day,45,Fixed-term
E1169,2026-06-15,44.0,0.0,False,Pieter Sibiya,041120XXXX164,Cleaner,ST-05,day,45,Fixed-term
E1169,2026-06-22,34.75,0.0,False,Pieter Sibiya,041120XXXX164,Cleaner,ST-05,day,45,Fixed-term
E1169,2026-06-29,44.5,0.0,False,Pieter Sibiya,041120XXXX164,Cleaner,ST-05,day,45,Fixed-term
E1169,2026-07-06,37.25,0.0,False,Pieter Sibiya,041120XXXX164,Cleaner,ST-05,day,45,Fixed-term
E1169,2026-07-13,41.25,0.0,False,Pieter Sibiya,041120XXXX164,Cleaner,ST-05,day,45,Fixed-term
E1169,2026-07-20,40.25,0.0,False,Pieter Sibiya,041120XXXX164,Cleaner,ST-05,day,45,Fixed-term
E1169,2026-07-27,52.25,7.25,False,Pieter Sibiya,041120XXXX164,Cleaner,ST-05,day,45,Fixed-term
E1169,2026-08-03,41.75,0.0,False,Pieter Sibiya,041120XXXX164,Cleaner,ST-05,day,45,Fixed-term
E1169,2026-08-10,17.5,0.0,False,Pieter Sibiya,041120XXXX164,Cleaner,ST-05,day,45,Fixed-term
E1170,2026-06-08,41.75,0.0,False,Precious Maluleke,980425XXXX165,Driver,ST-05,day,45,Permanent
E1170,2026-06-15,47.5,2.5,False,Precious Maluleke,980425XXXX165,Driver,ST-05,day,45,Permanent
E1170,2026-06-22,41.25,0.0,False,Precious Maluleke,980425XXXX165,Driver,ST-05,day,45,Permanent
E1170,2026-06-29,39.75,0.0,False,Precious Maluleke,980425XXXX165,Driver,ST-05,day,45,Permanent
E1170,2026-07-06,41.5,0.0,False,Precious Maluleke,980425XXXX165,Driver,ST-05,day,45,Permanent
E1170,2026-07-13,41.25,0.0,False,Precious Maluleke,980425XXXX165,Driver,ST-05,day,45,Permanent
E1170,2026-07-20,40.0,0.0,False,Precious Maluleke,980425XXXX165,Driver,ST-05,day,45,Permanent
E1170,2026-07-27,41.25,0.0,False,Precious Maluleke,980425XXXX165,Driver,ST-05,day,45,Permanent
E1170,2026-08-03,41.75,0.0,False,Precious Maluleke,980425XXXX165,Driver,ST-05,day,45,Permanent
E1170,2026-08-10,0.0,0.0,False,Precious Maluleke,980425XXXX165,Driver,ST-05,day,45,Permanent
E1171,2026-06-08,50.5,5.5,False,Michelle Nkosi,020725XXXX166,Driver,ST-02,day,45,Permanent
E1171,2026-06-15,50.0,5.0,False,Michelle Nkosi,020725XXXX166,Driver,ST-02,day,45,Permanent
E1171,2026-06-22,49.5,4.5,False,Michelle Nkosi,020725XXXX166,Driver,ST-02,day,45,Permanent
E1171,2026-06-29,48.0,3.0,False,Michelle Nkosi,020725XXXX166,Driver,ST-02,day,45,Permanent
E1171,2026-07-06,45.75,0.75,False,Michelle Nkosi,020725XXXX166,Driver,ST-02,day,45,Permanent
E1171,2026-07-13,46.0,1.0,False,Michelle Nkosi,020725XXXX166,Driver,ST-02,day,45,Permanent
E1171,2026-07-20,46.0,1.0,False,Michelle Nkosi,020725XXXX166,Driver,ST-02,day,45,Permanent
E1171,2026-07-27,47.5,2.5,False,Michelle Nkosi,020725XXXX166,Driver,ST-02,day,45,Permanent
E1171,2026-08-03,47.5,2.5,False,Michelle Nkosi,020725XXXX166,Driver,ST-02,day,45,Permanent
E1171,2026-08-10,22.25,0.0,False,Michelle Nkosi,020725XXXX166,Driver,ST-02,day,45,Permanent
E1172,2026-06-08,36.25,0.0,False,Sanele Baloyi,030328XXXX167,Supervisor,ST-04,day,45,Permanent
E1172,2026-06-15,51.5,6.5,False,Sanele Baloyi,030328XXXX167,Supervisor,ST-04,day,45,Permanent
E1172,2026-06-22,46.75,1.75,False,Sanele Baloyi,030328XXXX167,Supervisor,ST-04,day,45,Permanent
E1172,2026-06-29,35.5,0.0,False,Sanele Baloyi,030328XXXX167,Supervisor,ST-04,day,45,Permanent
E1172,2026-07-06,39.0,0.0,False,Sanele Baloyi,030328XXXX167,Supervisor,ST-04,day,45,Permanent
E1172,2026-07-13,28.0,0.0,False,Sanele Baloyi,030328XXXX167,Supervisor,ST-04,day,45,Permanent
E1172,2026-07-20,41.75,0.0,False,Sanele Baloyi,030328XXXX167,Supervisor,ST-04,day,45,Permanent
E1172,2026-07-27,37.0,0.0,False,Sanele Baloyi,030328XXXX167,Supervisor,ST-04,day,45,Permanent
E1172,2026-08-03,37.75,0.0,False,Sanele Baloyi,030328XXXX167,Supervisor,ST-04,day,45,Permanent
E1172,2026-08-10,29.25,0.0,False,Sanele Baloyi,030328XXXX167,Supervisor,ST-04,day,45,Permanent
E1173,2026-06-08,43.25,0.0,False,Elrico Sithole,040104XXXX168,Supervisor,ST-05,day,45,Permanent
E1173,2026-06-15,41.5,0.0,False,Elrico Sithole,040104XXXX168,Supervisor,ST-05,day,45,Permanent
E1173,2026-06-22,42.75,0.0,False,Elrico Sithole,040104XXXX168,Supervisor,ST-05,day,45,Permanent
E1173,2026-06-29,44.75,0.0,False,Elrico Sithole,040104XXXX168,Supervisor,ST-05,day,45,Permanent
E1173,2026-07-06,41.25,0.0,False,Elrico Sithole,040104XXXX168,Supervisor,ST-05,day,45,Permanent
E1173,2026-07-13,45.75,0.75,False,Elrico Sithole,040104XXXX168,Supervisor,ST-05,day,45,Permanent
E1173,2026-07-20,47.5,2.5,False,Elrico Sithole,040104XXXX168,Supervisor,ST-05,day,45,Permanent
E1173,2026-07-27,47.0,2.0,False,Elrico Sithole,040104XXXX168,Supervisor,ST-05,day,45,Permanent
E1173,2026-08-03,45.5,0.5,False,Elrico Sithole,040104XXXX168,Supervisor,ST-05,day,45,Permanent
E1173,2026-08-10,18.25,0.0,False,Elrico Sithole,040104XXXX168,Supervisor,ST-05,day,45,Permanent
E1174,2026-06-08,44.75,0.0,False,Sindiswa Nkosi,770816XXXX169,Kitchen Assistant,ST-01,day,45,Permanent
E1174,2026-06-15,46.75,1.75,False,Sindiswa Nkosi,770816XXXX169,Kitchen Assistant,ST-01,day,45,Permanent
E1174,2026-06-22,41.25,0.0,False,Sindiswa Nkosi,770816XXXX169,Kitchen Assistant,ST-01,day,45,Permanent
E1174,2026-06-29,44.0,0.0,False,Sindiswa Nkosi,770816XXXX169,Kitchen Assistant,ST-01,day,45,Permanent
E1174,2026-07-06,44.75,0.0,False,Sindiswa Nkosi,770816XXXX169,Kitchen Assistant,ST-01,day,45,Permanent
E1174,2026-07-13,45.0,0.0,False,Sindiswa Nkosi,770816XXXX169,Kitchen Assistant,ST-01,day,45,Permanent
E1174,2026-07-20,47.25,2.25,False,Sindiswa Nkosi,770816XXXX169,Kitchen Assistant,ST-01,day,45,Permanent
E1174,2026-07-27,43.5,0.0,False,Sindiswa Nkosi,770816XXXX169,Kitchen Assistant,ST-01,day,45,Permanent
E1174,2026-08-03,45.5,0.5,False,Sindiswa Nkosi,770816XXXX169,Kitchen Assistant,ST-01,day,45,Permanent
E1174,2026-08-10,8.75,0.0,False,Sindiswa Nkosi,770816XXXX169,Kitchen Assistant,ST-01,day,45,Permanent
E1175,2026-06-08,47.25,2.25,False,Nokuthula Zulu,821018XXXX170,Security Guard,ST-03,day,45,Permanent
E1175,2026-06-15,45.5,0.5,False,Nokuthula Zulu,821018XXXX170,Security Guard,ST-03,day,45,Permanent
E1175,2026-06-22,47.5,2.5,False,Nokuthula Zulu,821018XXXX170,Security Guard,ST-03,day,45,Permanent
E1175,2026-06-29,50.25,5.25,False,Nokuthula Zulu,821018XXXX170,Security Guard,ST-03,day,45,Permanent
E1175,2026-07-06,43.5,0.0,False,Nokuthula Zulu,821018XXXX170,Security Guard,ST-03,day,45,Permanent
E1175,2026-07-13,37.75,0.0,False,Nokuthula Zulu,821018XXXX170,Security Guard,ST-03,day,45,Permanent
E1175,2026-07-20,50.0,5.0,False,Nokuthula Zulu,821018XXXX170,Security Guard,ST-03,day,45,Permanent
E1175,2026-07-27,58.5,13.5,True,Nokuthula Zulu,821018XXXX170,Security Guard,ST-03,day,45,Permanent
E1175,2026-08-03,33.75,0.0,False,Nokuthula Zulu,821018XXXX170,Security Guard,ST-03,day,45,Permanent
E1175,2026-08-10,13.0,0.0,False,Nokuthula Zulu,821018XXXX170,Security Guard,ST-03,day,45,Permanent
E1176,2026-06-08,44.5,0.0,False,Katlego Motaung,040626XXXX171,Security Guard,ST-06,night,45,Permanent
E1176,2026-06-15,48.25,3.25,False,Katlego Motaung,040626XXXX171,Security Guard,ST-06,night,45,Permanent
E1176,2026-06-22,23.75,0.0,False,Katlego Motaung,040626XXXX171,Security Guard,ST-06,night,45,Permanent
E1176,2026-06-29,46.75,1.75,False,Katlego Motaung,040626XXXX171,Security Guard,ST-06,night,45,Permanent
E1176,2026-07-06,44.0,0.0,False,Katlego Motaung,040626XXXX171,Security Guard,ST-06,night,45,Permanent
E1176,2026-07-13,44.25,0.0,False,Katlego Motaung,040626XXXX171,Security Guard,ST-06,night,45,Permanent
E1176,2026-07-20,44.25,0.0,False,Katlego Motaung,040626XXXX171,Security Guard,ST-06,night,45,Permanent
E1176,2026-07-27,44.5,0.0,False,Katlego Motaung,040626XXXX171,Security Guard,ST-06,night,45,Permanent
E1176,2026-08-03,47.0,2.0,False,Katlego Motaung,040626XXXX171,Security Guard,ST-06,night,45,Permanent
E1176,2026-08-10,11.5,0.0,False,Katlego Motaung,040626XXXX171,Security Guard,ST-06,night,45,Permanent
E1177,2026-06-08,37.0,0.0,False,Sarah Naidoo,040413XXXX172,Supervisor,ST-02,day,45,Permanent
E1177,2026-06-15,45.5,0.5,False,Sarah Naidoo,040413XXXX172,Supervisor,ST-02,day,45,Permanent
E1177,2026-06-22,37.5,0.0,False,Sarah Naidoo,040413XXXX172,Supervisor,ST-02,day,45,Permanent
E1177,2026-06-29,36.25,0.0,False,Sarah Naidoo,040413XXXX172,Supervisor,ST-02,day,45,Permanent
E1177,2026-07-06,35.25,0.0,False,Sarah Naidoo,040413XXXX172,Supervisor,ST-02,day,45,Permanent
E1177,2026-07-13,48.5,3.5,False,Sarah Naidoo,040413XXXX172,Supervisor,ST-02,day,45,Permanent
E1177,2026-07-20,37.25,0.0,False,Sarah Naidoo,040413XXXX172,Supervisor,ST-02,day,45,Permanent
E1177,2026-07-27,43.5,0.0,False,Sarah Naidoo,040413XXXX172,Supervisor,ST-02,day,45,Permanent
E1177,2026-08-03,38.5,0.0,False,Sarah Naidoo,040413XXXX172,Supervisor,ST-02,day,45,Permanent
E1177,2026-08-10,18.75,0.0,False,Sarah Naidoo,040413XXXX172,Supervisor,ST-02,day,45,Permanent
E1178,2026-06-08,46.5,1.5,False,Nokuthula Ngcobo,020607XXXX173,Supervisor,ST-03,day,45,Permanent
E1178,2026-06-15,52.25,7.25,False,Nokuthula Ngcobo,020607XXXX173,Supervisor,ST-03,day,45,Permanent
E1178,2026-06-22,45.75,0.75,False,Nokuthula Ngcobo,020607XXXX173,Supervisor,ST-03,day,45,Permanent
E1178,2026-06-29,47.75,2.75,False,Nokuthula Ngcobo,020607XXXX173,Supervisor,ST-03,day,45,Permanent
E1178,2026-07-06,43.25,0.0,False,Nokuthula Ngcobo,020607XXXX173,Supervisor,ST-03,day,45,Permanent
E1178,2026-07-13,46.75,1.75,False,Nokuthula Ngcobo,020607XXXX173,Supervisor,ST-03,day,45,Permanent
E1178,2026-07-20,45.5,0.5,False,Nokuthula Ngcobo,020607XXXX173,Supervisor,ST-03,day,45,Permanent
E1178,2026-07-27,45.75,0.75,False,Nokuthula Ngcobo,020607XXXX173,Supervisor,ST-03,day,45,Permanent
E1178,2026-08-03,41.75,0.0,False,Nokuthula Ngcobo,020607XXXX173,Supervisor,ST-03,day,45,Permanent
E1178,2026-08-10,27.25,0.0,False,Nokuthula Ngcobo,020607XXXX173,Supervisor,ST-03,day,45,Permanent
E1179,2026-06-08,49.75,4.75,False,Lucky Botha,021017XXXX174,Security Guard,ST-05,day,45,Permanent
E1179,2026-06-15,43.75,0.0,False,Lucky Botha,021017XXXX174,Security Guard,ST-05,day,45,Permanent
E1179,2026-06-22,50.25,5.25,False,Lucky Botha,021017XXXX174,Security Guard,ST-05,day,45,Permanent
E1179,2026-06-29,43.75,0.0,False,Lucky Botha,021017XXXX174,Security Guard,ST-05,day,45,Permanent
E1179,2026-07-06,47.5,2.5,False,Lucky Botha,021017XXXX174,Security Guard,ST-05,day,45,Permanent
E1179,2026-07-13,38.0,0.0,False,Lucky Botha,021017XXXX174,Security Guard,ST-05,day,45,Permanent
E1179,2026-07-20,43.25,0.0,False,Lucky Botha,021017XXXX174,Security Guard,ST-05,day,45,Permanent
E1179,2026-07-27,37.25,0.0,False,Lucky Botha,021017XXXX174,Security Guard,ST-05,day,45,Permanent
E1179,2026-08-03,42.75,0.0,False,Lucky Botha,021017XXXX174,Security Guard,ST-05,day,45,Permanent
E1179,2026-08-10,12.25,0.0,False,Lucky Botha,021017XXXX174,Security Guard,ST-05,day,45,Permanent
E1180,2026-06-08,43.75,0.0,False,Tshepo Fourie,040319XXXX175,Cleaner,ST-06,day,45,Permanent
E1180,2026-06-15,44.25,0.0,False,Tshepo Fourie,040319XXXX175,Cleaner,ST-06,day,45,Permanent
E1180,2026-06-22,44.0,0.0,False,Tshepo Fourie,040319XXXX175,Cleaner,ST-06,day,45,Permanent
E1180,2026-06-29,45.0,0.0,False,Tshepo Fourie,040319XXXX175,Cleaner,ST-06,day,45,Permanent
E1180,2026-07-06,44.25,0.0,False,Tshepo Fourie,040319XXXX175,Cleaner,ST-06,day,45,Permanent
E1180,2026-07-13,42.75,0.0,False,Tshepo Fourie,040319XXXX175,Cleaner,ST-06,day,45,Permanent
E1180,2026-07-20,39.75,0.0,False,Tshepo Fourie,040319XXXX175,Cleaner,ST-06,day,45,Permanent
E1180,2026-07-27,44.75,0.0,False,Tshepo Fourie,040319XXXX175,Cleaner,ST-06,day,45,Permanent
E1180,2026-08-03,42.5,0.0,False,Tshepo Fourie,040319XXXX175,Cleaner,ST-06,day,45,Permanent
E1180,2026-08-10,16.75,0.0,False,Tshepo Fourie,040319XXXX175,Cleaner,ST-06,day,45,Permanent
E1181,2026-06-08,36.75,0.0,False,Mandla Mavuso,970123XXXX176,Security Guard,ST-04,night,45,Permanent
E1181,2026-06-15,47.75,2.75,False,Mandla Mavuso,970123XXXX176,Security Guard,ST-04,night,45,Permanent
E1181,2026-06-22,37.5,0.0,False,Mandla Mavuso,970123XXXX176,Security Guard,ST-04,night,45,Permanent
E1181,2026-06-29,37.5,0.0,False,Mandla Mavuso,970123XXXX176,Security Guard,ST-04,night,45,Permanent
E1181,2026-07-06,37.75,0.0,False,Mandla Mavuso,970123XXXX176,Security Guard,ST-04,night,45,Permanent
E1181,2026-07-13,42.25,0.0,False,Mandla Mavuso,970123XXXX176,Security Guard,ST-04,night,45,Permanent
E1181,2026-07-20,37.0,0.0,False,Mandla Mavuso,970123XXXX176,Security Guard,ST-04,night,45,Permanent
E1181,2026-07-27,37.25,0.0,False,Mandla Mavuso,970123XXXX176,Security Guard,ST-04,night,45,Permanent
E1181,2026-08-03,37.75,0.0,False,Mandla Mavuso,970123XXXX176,Security Guard,ST-04,night,45,Permanent
E1181,2026-08-10,36.0,0.0,False,Mandla Mavuso,970123XXXX176,Security Guard,ST-04,night,45,Permanent
E1182,2026-06-08,24.5,0.0,False,Xolani Dlamini,811019XXXX177,Security Guard,ST-05,night,45,Permanent
E1182,2026-06-15,42.75,0.0,False,Xolani Dlamini,811019XXXX177,Security Guard,ST-05,night,45,Permanent
E1182,2026-06-22,37.75,0.0,False,Xolani Dlamini,811019XXXX177,Security Guard,ST-05,night,45,Permanent
E1182,2026-06-29,48.75,3.75,False,Xolani Dlamini,811019XXXX177,Security Guard,ST-05,night,45,Permanent
E1182,2026-07-06,44.25,0.0,False,Xolani Dlamini,811019XXXX177,Security Guard,ST-05,night,45,Permanent
E1182,2026-07-13,46.0,1.0,False,Xolani Dlamini,811019XXXX177,Security Guard,ST-05,night,45,Permanent
E1182,2026-07-20,31.5,0.0,False,Xolani Dlamini,811019XXXX177,Security Guard,ST-05,night,45,Permanent
E1182,2026-07-27,45.5,0.5,False,Xolani Dlamini,811019XXXX177,Security Guard,ST-05,night,45,Permanent
E1182,2026-08-03,36.25,0.0,False,Xolani Dlamini,811019XXXX177,Security Guard,ST-05,night,45,Permanent
E1182,2026-08-10,0.0,0.0,False,Xolani Dlamini,811019XXXX177,Security Guard,ST-05,night,45,Permanent
E1183,2026-06-08,45.5,0.5,False,Xolani Baloyi,880528XXXX178,Security Guard,ST-06,night,45,Fixed-term
E1183,2026-06-15,45.75,0.75,False,Xolani Baloyi,880528XXXX178,Security Guard,ST-06,night,45,Fixed-term
E1183,2026-06-22,44.25,0.0,False,Xolani Baloyi,880528XXXX178,Security Guard,ST-06,night,45,Fixed-term
E1183,2026-06-29,48.5,3.5,False,Xolani Baloyi,880528XXXX178,Security Guard,ST-06,night,45,Fixed-term
E1183,2026-07-06,47.0,2.0,False,Xolani Baloyi,880528XXXX178,Security Guard,ST-06,night,45,Fixed-term
E1183,2026-07-13,46.5,1.5,False,Xolani Baloyi,880528XXXX178,Security Guard,ST-06,night,45,Fixed-term
E1183,2026-07-20,49.5,4.5,False,Xolani Baloyi,880528XXXX178,Security Guard,ST-06,night,45,Fixed-term
E1183,2026-07-27,31.75,0.0,False,Xolani Baloyi,880528XXXX178,Security Guard,ST-06,night,45,Fixed-term
E1183,2026-08-03,32.25,0.0,False,Xolani Baloyi,880528XXXX178,Security Guard,ST-06,night,45,Fixed-term
E1183,2026-08-10,36.5,0.0,False,Xolani Baloyi,880528XXXX178,Security Guard,ST-06,night,45,Fixed-term
E1184,2026-06-08,46.25,1.25,False,Portia Motaung,030608XXXX179,Security Guard,ST-06,night,45,Permanent
E1184,2026-06-15,50.25,5.25,False,Portia Motaung,030608XXXX179,Security Guard,ST-06,night,45,Permanent
E1184,2026-06-22,53.75,8.75,False,Portia Motaung,030608XXXX179,Security Guard,ST-06,night,45,Permanent
E1184,2026-06-29,44.5,0.0,False,Portia Motaung,030608XXXX179,Security Guard,ST-06,night,45,Permanent
E1184,2026-07-06,45.5,0.5,False,Portia Motaung,030608XXXX179,Security Guard,ST-06,night,45,Permanent
E1184,2026-07-13,48.0,3.0,False,Portia Motaung,030608XXXX179,Security Guard,ST-06,night,45,Permanent
E1184,2026-07-20,60.0,15.0,True,Portia Motaung,030608XXXX179,Security Guard,ST-06,night,45,Permanent
E1184,2026-07-27,54.25,9.25,False,Portia Motaung,030608XXXX179,Security Guard,ST-06,night,45,Permanent
E1184,2026-08-03,50.5,5.5,False,Portia Motaung,030608XXXX179,Security Guard,ST-06,night,45,Permanent
E1184,2026-08-10,23.0,0.0,False,Portia Motaung,030608XXXX179,Security Guard,ST-06,night,45,Permanent
E1185,2026-06-08,46.25,1.25,False,Andile Cele,781202XXXX180,Supervisor,ST-04,day,45,Permanent
E1185,2026-06-15,41.5,0.0,False,Andile Cele,781202XXXX180,Supervisor,ST-04,day,45,Permanent
E1185,2026-06-22,48.0,3.0,False,Andile Cele,781202XXXX180,Supervisor,ST-04,day,45,Permanent
E1185,2026-06-29,43.5,0.0,False,Andile Cele,781202XXXX180,Supervisor,ST-04,day,45,Permanent
E1185,2026-07-06,44.0,0.0,False,Andile Cele,781202XXXX180,Supervisor,ST-04,day,45,Permanent
E1185,2026-07-13,43.75,0.0,False,Andile Cele,781202XXXX180,Supervisor,ST-04,day,45,Permanent
E1185,2026-07-20,44.5,0.0,False,Andile Cele,781202XXXX180,Supervisor,ST-04,day,45,Permanent
E1185,2026-07-27,47.5,2.5,False,Andile Cele,781202XXXX180,Supervisor,ST-04,day,45,Permanent
E1185,2026-08-03,41.0,0.0,False,Andile Cele,781202XXXX180,Supervisor,ST-04,day,45,Permanent
E1185,2026-08-10,19.25,0.0,False,Andile Cele,781202XXXX180,Supervisor,ST-04,day,45,Permanent
E1186,2026-06-08,37.75,0.0,False,Xolani Mavuso,000401XXXX181,Security Guard,ST-05,day,45,Permanent
E1186,2026-06-15,37.25,0.0,False,Xolani Mavuso,000401XXXX181,Security Guard,ST-05,day,45,Permanent
E1186,2026-06-22,31.0,0.0,False,Xolani Mavuso,000401XXXX181,Security Guard,ST-05,day,45,Permanent
E1186,2026-06-29,39.0,0.0,False,Xolani Mavuso,000401XXXX181,Security Guard,ST-05,day,45,Permanent
E1186,2026-07-06,37.5,0.0,False,Xolani Mavuso,000401XXXX181,Security Guard,ST-05,day,45,Permanent
E1186,2026-07-13,50.25,5.25,False,Xolani Mavuso,000401XXXX181,Security Guard,ST-05,day,45,Permanent
E1186,2026-07-20,35.5,0.0,False,Xolani Mavuso,000401XXXX181,Security Guard,ST-05,day,45,Permanent
E1186,2026-07-27,38.25,0.0,False,Xolani Mavuso,000401XXXX181,Security Guard,ST-05,day,45,Permanent
E1186,2026-08-03,37.0,0.0,False,Xolani Mavuso,000401XXXX181,Security Guard,ST-05,day,45,Permanent
E1186,2026-08-10,25.5,0.0,False,Xolani Mavuso,000401XXXX181,Security Guard,ST-05,day,45,Permanent
E1187,2026-06-08,48.75,3.75,False,Elrico Jacobs,011003XXXX182,Kitchen Assistant,ST-04,day,45,Permanent
E1187,2026-06-15,53.75,8.75,False,Elrico Jacobs,011003XXXX182,Kitchen Assistant,ST-04,day,45,Permanent
E1187,2026-06-22,53.75,8.75,False,Elrico Jacobs,011003XXXX182,Kitchen Assistant,ST-04,day,45,Permanent
E1187,2026-06-29,48.5,3.5,False,Elrico Jacobs,011003XXXX182,Kitchen Assistant,ST-04,day,45,Permanent
E1187,2026-07-06,46.5,1.5,False,Elrico Jacobs,011003XXXX182,Kitchen Assistant,ST-04,day,45,Permanent
E1187,2026-07-13,51.25,6.25,False,Elrico Jacobs,011003XXXX182,Kitchen Assistant,ST-04,day,45,Permanent
E1187,2026-07-20,40.25,0.0,False,Elrico Jacobs,011003XXXX182,Kitchen Assistant,ST-04,day,45,Permanent
E1187,2026-07-27,41.0,0.0,False,Elrico Jacobs,011003XXXX182,Kitchen Assistant,ST-04,day,45,Permanent
E1187,2026-08-03,47.0,2.0,False,Elrico Jacobs,011003XXXX182,Kitchen Assistant,ST-04,day,45,Permanent
E1187,2026-08-10,9.25,0.0,False,Elrico Jacobs,011003XXXX182,Kitchen Assistant,ST-04,day,45,Permanent
E1188,2026-06-08,45.5,0.5,False,Thabo Ngcobo,010822XXXX183,Security Guard,ST-02,day,45,Permanent
E1188,2026-06-15,46.75,1.75,False,Thabo Ngcobo,010822XXXX183,Security Guard,ST-02,day,45,Permanent
E1188,2026-06-22,45.5,0.5,False,Thabo Ngcobo,010822XXXX183,Security Guard,ST-02,day,45,Permanent
E1188,2026-06-29,37.25,0.0,False,Thabo Ngcobo,010822XXXX183,Security Guard,ST-02,day,45,Permanent
E1188,2026-07-06,43.75,0.0,False,Thabo Ngcobo,010822XXXX183,Security Guard,ST-02,day,45,Permanent
E1188,2026-07-13,32.25,0.0,False,Thabo Ngcobo,010822XXXX183,Security Guard,ST-02,day,45,Permanent
E1188,2026-07-20,43.0,0.0,False,Thabo Ngcobo,010822XXXX183,Security Guard,ST-02,day,45,Permanent
E1188,2026-07-27,43.25,0.0,False,Thabo Ngcobo,010822XXXX183,Security Guard,ST-02,day,45,Permanent
E1188,2026-08-03,43.0,0.0,False,Thabo Ngcobo,010822XXXX183,Security Guard,ST-02,day,45,Permanent
E1188,2026-08-10,24.0,0.0,False,Thabo Ngcobo,010822XXXX183,Security Guard,ST-02,day,45,Permanent
E1189,2026-06-08,47.0,2.0,False,Anele Dlamini,800319XXXX184,Cleaner,ST-03,day,45,Permanent
E1189,2026-06-15,47.25,2.25,False,Anele Dlamini,800319XXXX184,Cleaner,ST-03,day,45,Permanent
E1189,2026-06-22,45.5,0.5,False,Anele Dlamini,800319XXXX184,Cleaner,ST-03,day,45,Permanent
E1189,2026-06-29,44.75,0.0,False,Anele Dlamini,800319XXXX184,Cleaner,ST-03,day,45,Permanent
E1189,2026-07-06,45.25,0.25,False,Anele Dlamini,800319XXXX184,Cleaner,ST-03,day,45,Permanent
E1189,2026-07-13,45.25,0.25,False,Anele Dlamini,800319XXXX184,Cleaner,ST-03,day,45,Permanent
E1189,2026-07-20,48.5,3.5,False,Anele Dlamini,800319XXXX184,Cleaner,ST-03,day,45,Permanent
E1189,2026-07-27,46.0,1.0,False,Anele Dlamini,800319XXXX184,Cleaner,ST-03,day,45,Permanent
E1189,2026-08-03,44.0,0.0,False,Anele Dlamini,800319XXXX184,Cleaner,ST-03,day,45,Permanent
E1189,2026-08-10,17.75,0.0,False,Anele Dlamini,800319XXXX184,Cleaner,ST-03,day,45,Permanent
E1190,2026-06-08,55.25,10.25,True,Lerato Cele,760808XXXX185,Security Guard,ST-05,day,45,Permanent
E1190,2026-06-15,44.25,0.0,False,Lerato Cele,760808XXXX185,Security Guard,ST-05,day,45,Permanent
E1190,2026-06-22,31.25,0.0,False,Lerato Cele,760808XXXX185,Security Guard,ST-05,day,45,Permanent
E1190,2026-06-29,46.5,1.5,False,Lerato Cele,760808XXXX185,Security Guard,ST-05,day,45,Permanent
E1190,2026-07-06,37.75,0.0,False,Lerato Cele,760808XXXX185,Security Guard,ST-05,day,45,Permanent
E1190,2026-07-13,45.75,0.75,False,Lerato Cele,760808XXXX185,Security Guard,ST-05,day,45,Permanent
E1190,2026-07-20,24.0,0.0,False,Lerato Cele,760808XXXX185,Security Guard,ST-05,day,45,Permanent
E1190,2026-07-27,37.5,0.0,False,Lerato Cele,760808XXXX185,Security Guard,ST-05,day,45,Permanent
E1190,2026-08-03,33.5,0.0,False,Lerato Cele,760808XXXX185,Security Guard,ST-05,day,45,Permanent
E1190,2026-08-10,10.75,0.0,False,Lerato Cele,760808XXXX185,Security Guard,ST-05,day,45,Permanent
E1191,2026-06-08,41.0,0.0,False,Riaan Mthembu,800502XXXX186,Cleaner,ST-01,day,45,Permanent
E1191,2026-06-15,43.0,0.0,False,Riaan Mthembu,800502XXXX186,Cleaner,ST-01,day,45,Permanent
E1191,2026-06-22,59.25,14.25,True,Riaan Mthembu,800502XXXX186,Cleaner,ST-01,day,45,Permanent
E1191,2026-06-29,41.75,0.0,False,Riaan Mthembu,800502XXXX186,Cleaner,ST-01,day,45,Permanent
E1191,2026-07-06,39.25,0.0,False,Riaan Mthembu,800502XXXX186,Cleaner,ST-01,day,45,Permanent
E1191,2026-07-13,51.25,6.25,False,Riaan Mthembu,800502XXXX186,Cleaner,ST-01,day,45,Permanent
E1191,2026-07-20,42.25,0.0,False,Riaan Mthembu,800502XXXX186,Cleaner,ST-01,day,45,Permanent
E1191,2026-07-27,43.0,0.0,False,Riaan Mthembu,800502XXXX186,Cleaner,ST-01,day,45,Permanent
E1191,2026-08-03,41.75,0.0,False,Riaan Mthembu,800502XXXX186,Cleaner,ST-01,day,45,Permanent
E1191,2026-08-10,9.25,0.0,False,Riaan Mthembu,800502XXXX186,Cleaner,ST-01,day,45,Permanent
E1192,2026-06-08,38.5,0.0,False,Refilwe Tshabalala,850109XXXX187,Security Guard,ST-05,day,45,Permanent
E1192,2026-06-15,42.75,0.0,False,Refilwe Tshabalala,850109XXXX187,Security Guard,ST-05,day,45,Permanent
E1192,2026-06-22,47.25,2.25,False,Refilwe Tshabalala,850109XXXX187,Security Guard,ST-05,day,45,Permanent
E1192,2026-06-29,24.0,0.0,False,Refilwe Tshabalala,850109XXXX187,Security Guard,ST-05,day,45,Permanent
E1192,2026-07-06,30.75,0.0,False,Refilwe Tshabalala,850109XXXX187,Security Guard,ST-05,day,45,Permanent
E1192,2026-07-13,38.75,0.0,False,Refilwe Tshabalala,850109XXXX187,Security Guard,ST-05,day,45,Permanent
E1192,2026-07-20,45.0,0.0,False,Refilwe Tshabalala,850109XXXX187,Security Guard,ST-05,day,45,Permanent
E1192,2026-07-27,52.0,7.0,False,Refilwe Tshabalala,850109XXXX187,Security Guard,ST-05,day,45,Permanent
E1192,2026-08-03,36.75,0.0,False,Refilwe Tshabalala,850109XXXX187,Security Guard,ST-05,day,45,Permanent
E1192,2026-08-10,23.25,0.0,False,Refilwe Tshabalala,850109XXXX187,Security Guard,ST-05,day,45,Permanent
E1193,2026-06-08,22.25,0.0,False,Lucky Sibiya,000212XXXX188,Kitchen Assistant,ST-03,day,45,Permanent
E1193,2026-06-15,19.75,0.0,False,Lucky Sibiya,000212XXXX188,Kitchen Assistant,ST-03,day,45,Permanent
E1193,2026-06-22,27.5,0.0,False,Lucky Sibiya,000212XXXX188,Kitchen Assistant,ST-03,day,45,Permanent
E1193,2026-06-29,24.25,0.0,False,Lucky Sibiya,000212XXXX188,Kitchen Assistant,ST-03,day,45,Permanent
E1193,2026-07-06,21.75,0.0,False,Lucky Sibiya,000212XXXX188,Kitchen Assistant,ST-03,day,45,Permanent
E1193,2026-07-13,30.25,0.0,False,Lucky Sibiya,000212XXXX188,Kitchen Assistant,ST-03,day,45,Permanent
E1193,2026-07-20,25.0,0.0,False,Lucky Sibiya,000212XXXX188,Kitchen Assistant,ST-03,day,45,Permanent
E1193,2026-07-27,30.5,0.0,False,Lucky Sibiya,000212XXXX188,Kitchen Assistant,ST-03,day,45,Permanent
E1193,2026-08-03,32.5,0.0,False,Lucky Sibiya,000212XXXX188,Kitchen Assistant,ST-03,day,45,Permanent
E1193,2026-08-10,9.25,0.0,False,Lucky Sibiya,000212XXXX188,Kitchen Assistant,ST-03,day,45,Permanent
E1194,2026-06-08,30.75,0.0,False,L. Sibiya,000212XXXX188,Kitchen Assistant,ST-01,day,45,Fixed-term
E1194,2026-06-15,27.0,0.0,False,L. Sibiya,000212XXXX188,Kitchen Assistant,ST-01,day,45,Fixed-term
E1194,2026-06-22,27.75,0.0,False,L. Sibiya,000212XXXX188,Kitchen Assistant,ST-01,day,45,Fixed-term
E1194,2026-06-29,30.5,0.0,False,L. Sibiya,000212XXXX188,Kitchen Assistant,ST-01,day,45,Fixed-term
E1194,2026-07-06,28.25,0.0,False,L. Sibiya,000212XXXX188,Kitchen Assistant,ST-01,day,45,Fixed-term
E1194,2026-07-13,26.75,0.0,False,L. Sibiya,000212XXXX188,Kitchen Assistant,ST-01,day,45,Fixed-term
E1194,2026-07-20,32.0,0.0,False,L. Sibiya,000212XXXX188,Kitchen Assistant,ST-01,day,45,Fixed-term
E1194,2026-07-27,29.25,0.0,False,L. Sibiya,000212XXXX188,Kitchen Assistant,ST-01,day,45,Fixed-term
E1194,2026-08-03,34.0,0.0,False,L. Sibiya,000212XXXX188,Kitchen Assistant,ST-01,day,45,Fixed-term
E1194,2026-08-10,19.0,0.0,False,L. Sibiya,000212XXXX188,Kitchen Assistant,ST-01,day,45,Fixed-term
E1195,2026-06-08,41.5,0.0,False,Ayanda Mokoena,840605XXXX189,Supervisor,ST-04,day,45,Permanent
E1195,2026-06-15,40.75,0.0,False,Ayanda Mokoena,840605XXXX189,Supervisor,ST-04,day,45,Permanent
E1195,2026-06-22,43.0,0.0,False,Ayanda Mokoena,840605XXXX189,Supervisor,ST-04,day,45,Permanent
E1195,2026-06-29,47.25,2.25,False,Ayanda Mokoena,840605XXXX189,Supervisor,ST-04,day,45,Permanent
E1195,2026-07-06,47.0,2.0,False,Ayanda Mokoena,840605XXXX189,Supervisor,ST-04,day,45,Permanent
E1195,2026-07-13,51.5,6.5,False,Ayanda Mokoena,840605XXXX189,Supervisor,ST-04,day,45,Permanent
E1195,2026-07-20,43.75,0.0,False,Ayanda Mokoena,840605XXXX189,Supervisor,ST-04,day,45,Permanent
E1195,2026-07-27,45.75,0.75,False,Ayanda Mokoena,840605XXXX189,Supervisor,ST-04,day,45,Permanent
E1195,2026-08-03,34.5,0.0,False,Ayanda Mokoena,840605XXXX189,Supervisor,ST-04,day,45,Permanent
E1195,2026-08-10,19.5,0.0,False,Ayanda Mokoena,840605XXXX189,Supervisor,ST-04,day,45,Permanent
E1196,2026-06-08,25.0,0.0,False,Andile Motaung,040318XXXX190,Security Guard,ST-04,night,45,Permanent
E1196,2026-06-15,49.25,4.25,False,Andile Motaung,040318XXXX190,Security Guard,ST-04,night,45,Permanent
E1196,2026-06-22,45.0,0.0,False,Andile Motaung,040318XXXX190,Security Guard,ST-04,night,45,Permanent
E1196,2026-06-29,37.75,0.0,False,Andile Motaung,040318XXXX190,Security Guard,ST-04,night,45,Permanent
E1196,2026-07-06,32.75,0.0,False,Andile Motaung,040318XXXX190,Security Guard,ST-04,night,45,Permanent
E1196,2026-07-13,51.0,6.0,False,Andile Motaung,040318XXXX190,Security Guard,ST-04,night,45,Permanent
E1196,2026-07-20,38.0,0.0,False,Andile Motaung,040318XXXX190,Security Guard,ST-04,night,45,Permanent
E1196,2026-07-27,37.0,0.0,False,Andile Motaung,040318XXXX190,Security Guard,ST-04,night,45,Permanent
E1196,2026-08-03,22.75,0.0,False,Andile Motaung,040318XXXX190,Security Guard,ST-04,night,45,Permanent
E1196,2026-08-10,0.0,0.0,False,Andile Motaung,040318XXXX190,Security Guard,ST-04,night,45,Permanent
E1197,2026-06-08,48.0,3.0,False,Riaan Sibiya,030808XXXX191,Cleaner,ST-02,day,45,Permanent
E1197,2026-06-15,47.25,2.25,False,Riaan Sibiya,030808XXXX191,Cleaner,ST-02,day,45,Permanent
E1197,2026-06-22,47.5,2.5,False,Riaan Sibiya,030808XXXX191,Cleaner,ST-02,day,45,Permanent
E1197,2026-06-29,45.75,0.75,False,Riaan Sibiya,030808XXXX191,Cleaner,ST-02,day,45,Permanent
E1197,2026-07-06,46.5,1.5,False,Riaan Sibiya,030808XXXX191,Cleaner,ST-02,day,45,Permanent
E1197,2026-07-13,46.5,1.5,False,Riaan Sibiya,030808XXXX191,Cleaner,ST-02,day,45,Permanent
E1197,2026-07-20,44.25,0.0,False,Riaan Sibiya,030808XXXX191,Cleaner,ST-02,day,45,Permanent
E1197,2026-07-27,48.0,3.0,False,Riaan Sibiya,030808XXXX191,Cleaner,ST-02,day,45,Permanent
E1197,2026-08-03,48.0,3.0,False,Riaan Sibiya,030808XXXX191,Cleaner,ST-02,day,45,Permanent
E1197,2026-08-10,27.5,0.0,False,Riaan Sibiya,030808XXXX191,Cleaner,ST-02,day,45,Permanent
E1198,2026-06-08,63.25,18.25,True,Andile Jacobs,701228XXXX192,Supervisor,ST-04,day,45,Permanent
E1198,2026-06-15,48.5,3.5,False,Andile Jacobs,701228XXXX192,Supervisor,ST-04,day,45,Permanent
E1198,2026-06-22,39.25,0.0,False,Andile Jacobs,701228XXXX192,Supervisor,ST-04,day,45,Permanent
E1198,2026-06-29,46.0,1.0,False,Andile Jacobs,701228XXXX192,Supervisor,ST-04,day,45,Permanent
E1198,2026-07-06,50.5,5.5,False,Andile Jacobs,701228XXXX192,Supervisor,ST-04,day,45,Permanent
E1198,2026-07-13,58.0,13.0,True,Andile Jacobs,701228XXXX192,Supervisor,ST-04,day,45,Permanent
E1198,2026-07-20,48.5,3.5,False,Andile Jacobs,701228XXXX192,Supervisor,ST-04,day,45,Permanent
E1198,2026-07-27,51.0,6.0,False,Andile Jacobs,701228XXXX192,Supervisor,ST-04,day,45,Permanent
E1198,2026-08-03,55.5,10.5,True,Andile Jacobs,701228XXXX192,Supervisor,ST-04,day,45,Permanent
E1198,2026-08-10,19.0,0.0,False,Andile Jacobs,701228XXXX192,Supervisor,ST-04,day,45,Permanent
E1199,2026-06-08,55.25,10.25,True,Elrico Pillay,011005XXXX193,Kitchen Assistant,ST-05,day,45,Permanent
E1199,2026-06-15,44.5,0.0,False,Elrico Pillay,011005XXXX193,Kitchen Assistant,ST-05,day,45,Permanent
E1199,2026-06-22,45.0,0.0,False,Elrico Pillay,011005XXXX193,Kitchen Assistant,ST-05,day,45,Permanent
E1199,2026-06-29,44.25,0.0,False,Elrico Pillay,011005XXXX193,Kitchen Assistant,ST-05,day,45,Permanent
E1199,2026-07-06,41.75,0.0,False,Elrico Pillay,011005XXXX193,Kitchen Assistant,ST-05,day,45,Permanent
E1199,2026-07-13,45.25,0.25,False,Elrico Pillay,011005XXXX193,Kitchen Assistant,ST-05,day,45,Permanent
E1199,2026-07-20,45.5,0.5,False,Elrico Pillay,011005XXXX193,Kitchen Assistant,ST-05,day,45,Permanent
E1199,2026-07-27,43.75,0.0,False,Elrico Pillay,011005XXXX193,Kitchen Assistant,ST-05,day,45,Permanent
E1199,2026-08-03,45.25,0.25,False,Elrico Pillay,011005XXXX193,Kitchen Assistant,ST-05,day,45,Permanent
E1199,2026-08-10,19.5,0.0,False,Elrico Pillay,011005XXXX193,Kitchen Assistant,ST-05,day,45,Permanent
E1200,2026-06-08,41.5,0.0,False,Sindiswa Maluleke,990617XXXX194,Cleaner,ST-04,day,45,Permanent
E1200,2026-06-15,39.25,0.0,False,Sindiswa Maluleke,990617XXXX194,Cleaner,ST-04,day,45,Permanent
E1200,2026-06-22,51.0,6.0,False,Sindiswa Maluleke,990617XXXX194,Cleaner,ST-04,day,45,Permanent
E1200,2026-06-29,26.25,0.0,False,Sindiswa Maluleke,990617XXXX194,Cleaner,ST-04,day,45,Permanent
E1200,2026-07-06,37.5,0.0,False,Sindiswa Maluleke,990617XXXX194,Cleaner,ST-04,day,45,Permanent
E1200,2026-07-13,36.5,0.0,False,Sindiswa Maluleke,990617XXXX194,Cleaner,ST-04,day,45,Permanent
E1200,2026-07-20,56.5,11.5,True,Sindiswa Maluleke,990617XXXX194,Cleaner,ST-04,day,45,Permanent
E1200,2026-07-27,38.25,0.0,False,Sindiswa Maluleke,990617XXXX194,Cleaner,ST-04,day,45,Permanent
E1200,2026-08-03,37.25,0.0,False,Sindiswa Maluleke,990617XXXX194,Cleaner,ST-04,day,45,Permanent
E1200,2026-08-10,10.25,0.0,False,Sindiswa Maluleke,990617XXXX194,Cleaner,ST-04,day,45,Permanent
E1201,2026-06-08,32.25,0.0,False,Johannes Sithole,031022XXXX195,Security Guard,ST-06,day,45,Permanent
E1201,2026-06-15,46.75,1.75,False,Johannes Sithole,031022XXXX195,Security Guard,ST-06,day,45,Permanent
E1201,2026-06-22,36.5,0.0,False,Johannes Sithole,031022XXXX195,Security Guard,ST-06,day,45,Permanent
E1201,2026-06-29,25.75,0.0,False,Johannes Sithole,031022XXXX195,Security Guard,ST-06,day,45,Permanent
E1201,2026-07-06,30.25,0.0,False,Johannes Sithole,031022XXXX195,Security Guard,ST-06,day,45,Permanent
E1201,2026-07-13,45.25,0.25,False,Johannes Sithole,031022XXXX195,Security Guard,ST-06,day,45,Permanent
E1201,2026-07-20,19.75,0.0,False,Johannes Sithole,031022XXXX195,Security Guard,ST-06,day,45,Permanent
E1201,2026-07-27,47.25,2.25,False,Johannes Sithole,031022XXXX195,Security Guard,ST-06,day,45,Permanent
E1201,2026-08-03,44.75,0.0,False,Johannes Sithole,031022XXXX195,Security Guard,ST-06,day,45,Permanent
E1201,2026-08-10,24.25,0.0,False,Johannes Sithole,031022XXXX195,Security Guard,ST-06,day,45,Permanent
E1202,2026-06-08,44.0,0.0,False,Sindiswa Adams,030924XXXX196,Security Guard,ST-06,night,45,Fixed-term
E1202,2026-06-15,36.5,0.0,False,Sindiswa Adams,030924XXXX196,Security Guard,ST-06,night,45,Fixed-term
E1202,2026-06-22,44.0,0.0,False,Sindiswa Adams,030924XXXX196,Security Guard,ST-06,night,45,Fixed-term
E1202,2026-06-29,43.25,0.0,False,Sindiswa Adams,030924XXXX196,Security Guard,ST-06,night,45,Fixed-term
E1202,2026-07-06,37.25,0.0,False,Sindiswa Adams,030924XXXX196,Security Guard,ST-06,night,45,Fixed-term
E1202,2026-07-13,37.75,0.0,False,Sindiswa Adams,030924XXXX196,Security Guard,ST-06,night,45,Fixed-term
E1202,2026-07-20,49.5,4.5,False,Sindiswa Adams,030924XXXX196,Security Guard,ST-06,night,45,Fixed-term
E1202,2026-07-27,50.0,5.0,False,Sindiswa Adams,030924XXXX196,Security Guard,ST-06,night,45,Fixed-term
E1202,2026-08-03,31.5,0.0,False,Sindiswa Adams,030924XXXX196,Security Guard,ST-06,night,45,Fixed-term
E1202,2026-08-10,29.5,0.0,False,Sindiswa Adams,030924XXXX196,Security Guard,ST-06,night,45,Fixed-term
E1203,2026-06-08,35.75,0.0,False,Musa Dlamini,011128XXXX197,Kitchen Assistant,ST-03,day,45,Permanent
E1203,2026-06-15,38.75,0.0,False,Musa Dlamini,011128XXXX197,Kitchen Assistant,ST-03,day,45,Permanent
E1203,2026-06-22,44.25,0.0,False,Musa Dlamini,011128XXXX197,Kitchen Assistant,ST-03,day,45,Permanent
E1203,2026-06-29,36.75,0.0,False,Musa Dlamini,011128XXXX197,Kitchen Assistant,ST-03,day,45,Permanent
E1203,2026-07-06,36.5,0.0,False,Musa Dlamini,011128XXXX197,Kitchen Assistant,ST-03,day,45,Permanent
E1203,2026-07-13,40.5,0.0,False,Musa Dlamini,011128XXXX197,Kitchen Assistant,ST-03,day,45,Permanent
E1203,2026-07-20,38.25,0.0,False,Musa Dlamini,011128XXXX197,Kitchen Assistant,ST-03,day,45,Permanent
E1203,2026-07-27,35.25,0.0,False,Musa Dlamini,011128XXXX197,Kitchen Assistant,ST-03,day,45,Permanent
E1203,2026-08-03,40.75,0.0,False,Musa Dlamini,011128XXXX197,Kitchen Assistant,ST-03,day,45,Permanent
E1203,2026-08-10,17.75,0.0,False,Musa Dlamini,011128XXXX197,Kitchen Assistant,ST-03,day,45,Permanent
E1204,2026-06-08,36.5,0.0,False,Sibusiso Ndlovu,910718XXXX198,Kitchen Assistant,ST-02,day,45,Fixed-term
E1204,2026-06-15,44.25,0.0,False,Sibusiso Ndlovu,910718XXXX198,Kitchen Assistant,ST-02,day,45,Fixed-term
E1204,2026-06-22,43.5,0.0,False,Sibusiso Ndlovu,910718XXXX198,Kitchen Assistant,ST-02,day,45,Fixed-term
E1204,2026-06-29,47.0,2.0,False,Sibusiso Ndlovu,910718XXXX198,Kitchen Assistant,ST-02,day,45,Fixed-term
E1204,2026-07-06,38.25,0.0,False,Sibusiso Ndlovu,910718XXXX198,Kitchen Assistant,ST-02,day,45,Fixed-term
E1204,2026-07-13,44.25,0.0,False,Sibusiso Ndlovu,910718XXXX198,Kitchen Assistant,ST-02,day,45,Fixed-term
E1204,2026-07-20,40.25,0.0,False,Sibusiso Ndlovu,910718XXXX198,Kitchen Assistant,ST-02,day,45,Fixed-term
E1204,2026-07-27,43.25,0.0,False,Sibusiso Ndlovu,910718XXXX198,Kitchen Assistant,ST-02,day,45,Fixed-term
E1204,2026-08-03,45.5,0.5,False,Sibusiso Ndlovu,910718XXXX198,Kitchen Assistant,ST-02,day,45,Fixed-term
E1204,2026-08-10,9.25,0.0,False,Sibusiso Ndlovu,910718XXXX198,Kitchen Assistant,ST-02,day,45,Fixed-term
E1205,2026-06-08,43.0,0.0,False,Andile Ngcobo,880415XXXX199,Kitchen Assistant,ST-02,day,45,Permanent
E1205,2026-06-15,43.75,0.0,False,Andile Ngcobo,880415XXXX199,Kitchen Assistant,ST-02,day,45,Permanent
E1205,2026-06-22,43.25,0.0,False,Andile Ngcobo,880415XXXX199,Kitchen Assistant,ST-02,day,45,Permanent
E1205,2026-06-29,42.5,0.0,False,Andile Ngcobo,880415XXXX199,Kitchen Assistant,ST-02,day,45,Permanent
E1205,2026-07-06,45.75,0.75,False,Andile Ngcobo,880415XXXX199,Kitchen Assistant,ST-02,day,45,Permanent
E1205,2026-07-13,46.5,1.5,False,Andile Ngcobo,880415XXXX199,Kitchen Assistant,ST-02,day,45,Permanent
E1205,2026-07-20,48.25,3.25,False,Andile Ngcobo,880415XXXX199,Kitchen Assistant,ST-02,day,45,Permanent
E1205,2026-07-27,49.75,4.75,False,Andile Ngcobo,880415XXXX199,Kitchen Assistant,ST-02,day,45,Permanent
E1205,2026-08-03,41.75,0.0,False,Andile Ngcobo,880415XXXX199,Kitchen Assistant,ST-02,day,45,Permanent
E1205,2026-08-10,18.0,0.0,False,Andile Ngcobo,880415XXXX199,Kitchen Assistant,ST-02,day,45,Permanent
E1206,2026-06-08,41.75,0.0,False,Zanele Naidoo,790111XXXX200,Cleaner,ST-03,day,45,Fixed-term
E1206,2026-06-15,38.0,0.0,False,Zanele Naidoo,790111XXXX200,Cleaner,ST-03,day,45,Fixed-term
E1206,2026-06-22,40.5,0.0,False,Zanele Naidoo,790111XXXX200,Cleaner,ST-03,day,45,Fixed-term
E1206,2026-06-29,38.75,0.0,False,Zanele Naidoo,790111XXXX200,Cleaner,ST-03,day,45,Fixed-term
E1206,2026-07-06,40.25,0.0,False,Zanele Naidoo,790111XXXX200,Cleaner,ST-03,day,45,Fixed-term
E1206,2026-07-13,40.5,0.0,False,Zanele Naidoo,790111XXXX200,Cleaner,ST-03,day,45,Fixed-term
E1206,2026-07-20,44.5,0.0,False,Zanele Naidoo,790111XXXX200,Cleaner,ST-03,day,45,Fixed-term
E1206,2026-07-27,45.0,0.0,False,Zanele Naidoo,790111XXXX200,Cleaner,ST-03,day,45,Fixed-term
E1206,2026-08-03,45.0,0.0,False,Zanele Naidoo,790111XXXX200,Cleaner,ST-03,day,45,Fixed-term
E1206,2026-08-10,18.75,0.0,False,Zanele Naidoo,790111XXXX200,Cleaner,ST-03,day,45,Fixed-term
E1207,2026-06-08,40.25,0.0,False,Sipho Motaung,001026XXXX201,Supervisor,ST-02,day,45,Permanent
E1207,2026-06-15,40.0,0.0,False,Sipho Motaung,001026XXXX201,Supervisor,ST-02,day,45,Permanent
E1207,2026-06-22,38.0,0.0,False,Sipho Motaung,001026XXXX201,Supervisor,ST-02,day,45,Permanent
E1207,2026-06-29,38.75,0.0,False,Sipho Motaung,001026XXXX201,Supervisor,ST-02,day,45,Permanent
E1207,2026-07-06,38.75,0.0,False,Sipho Motaung,001026XXXX201,Supervisor,ST-02,day,45,Permanent
E1207,2026-07-13,40.5,0.0,False,Sipho Motaung,001026XXXX201,Supervisor,ST-02,day,45,Permanent
E1207,2026-07-20,44.0,0.0,False,Sipho Motaung,001026XXXX201,Supervisor,ST-02,day,45,Permanent
E1207,2026-07-27,41.0,0.0,False,Sipho Motaung,001026XXXX201,Supervisor,ST-02,day,45,Permanent
E1207,2026-08-03,40.0,0.0,False,Sipho Motaung,001026XXXX201,Supervisor,ST-02,day,45,Permanent
E1207,2026-08-10,20.0,0.0,False,Sipho Motaung,001026XXXX201,Supervisor,ST-02,day,45,Permanent
E1208,2026-06-08,46.0,1.0,False,Pieter Mokoena,021203XXXX202,Kitchen Assistant,ST-01,day,45,Permanent
E1208,2026-06-15,48.25,3.25,False,Pieter Mokoena,021203XXXX202,Kitchen Assistant,ST-01,day,45,Permanent
E1208,2026-06-22,48.25,3.25,False,Pieter Mokoena,021203XXXX202,Kitchen Assistant,ST-01,day,45,Permanent
E1208,2026-06-29,47.75,2.75,False,Pieter Mokoena,021203XXXX202,Kitchen Assistant,ST-01,day,45,Permanent
E1208,2026-07-06,46.25,1.25,False,Pieter Mokoena,021203XXXX202,Kitchen Assistant,ST-01,day,45,Permanent
E1208,2026-07-13,51.25,6.25,False,Pieter Mokoena,021203XXXX202,Kitchen Assistant,ST-01,day,45,Permanent
E1208,2026-07-20,55.25,10.25,True,Pieter Mokoena,021203XXXX202,Kitchen Assistant,ST-01,day,45,Permanent
E1208,2026-07-27,45.75,0.75,False,Pieter Mokoena,021203XXXX202,Kitchen Assistant,ST-01,day,45,Permanent
E1208,2026-08-03,36.75,0.0,False,Pieter Mokoena,021203XXXX202,Kitchen Assistant,ST-01,day,45,Permanent
E1208,2026-08-10,17.25,0.0,False,Pieter Mokoena,021203XXXX202,Kitchen Assistant,ST-01,day,45,Permanent
E1209,2026-06-08,43.0,0.0,False,Yusuf Molefe,030902XXXX203,Kitchen Assistant,ST-05,day,45,Permanent
E1209,2026-06-15,27.25,0.0,False,Yusuf Molefe,030902XXXX203,Kitchen Assistant,ST-05,day,45,Permanent
E1209,2026-06-22,35.25,0.0,False,Yusuf Molefe,030902XXXX203,Kitchen Assistant,ST-05,day,45,Permanent
E1209,2026-06-29,34.25,0.0,False,Yusuf Molefe,030902XXXX203,Kitchen Assistant,ST-05,day,45,Permanent
E1209,2026-07-06,40.5,0.0,False,Yusuf Molefe,030902XXXX203,Kitchen Assistant,ST-05,day,45,Permanent
E1209,2026-07-13,48.5,3.5,False,Yusuf Molefe,030902XXXX203,Kitchen Assistant,ST-05,day,45,Permanent
E1209,2026-07-20,46.25,1.25,False,Yusuf Molefe,030902XXXX203,Kitchen Assistant,ST-05,day,45,Permanent
E1209,2026-07-27,40.75,0.0,False,Yusuf Molefe,030902XXXX203,Kitchen Assistant,ST-05,day,45,Permanent
E1209,2026-08-03,32.75,0.0,False,Yusuf Molefe,030902XXXX203,Kitchen Assistant,ST-05,day,45,Permanent
E1209,2026-08-10,28.25,0.0,False,Yusuf Molefe,030902XXXX203,Kitchen Assistant,ST-05,day,45,Permanent
E1210,2026-06-08,39.25,0.0,False,Musa Van Wyk,040219XXXX204,Supervisor,ST-03,day,45,Permanent
E1210,2026-06-15,41.0,0.0,False,Musa Van Wyk,040219XXXX204,Supervisor,ST-03,day,45,Permanent
E1210,2026-06-22,40.0,0.0,False,Musa Van Wyk,040219XXXX204,Supervisor,ST-03,day,45,Permanent
E1210,2026-06-29,41.75,0.0,False,Musa Van Wyk,040219XXXX204,Supervisor,ST-03,day,45,Permanent
E1210,2026-07-06,51.25,6.25,False,Musa Van Wyk,040219XXXX204,Supervisor,ST-03,day,45,Permanent
E1210,2026-07-13,34.0,0.0,False,Musa Van Wyk,040219XXXX204,Supervisor,ST-03,day,45,Permanent
E1210,2026-07-20,41.25,0.0,False,Musa Van Wyk,040219XXXX204,Supervisor,ST-03,day,45,Permanent
E1210,2026-07-27,29.5,0.0,False,Musa Van Wyk,040219XXXX204,Supervisor,ST-03,day,45,Permanent
E1210,2026-08-03,40.75,0.0,False,Musa Van Wyk,040219XXXX204,Supervisor,ST-03,day,45,Permanent
E1210,2026-08-10,28.0,0.0,False,Musa Van Wyk,040219XXXX204,Supervisor,ST-03,day,45,Permanent
E1211,2026-06-08,37.5,0.0,False,Sarah Sibiya,000225XXXX205,Security Guard,ST-01,day,45,Permanent
E1211,2026-06-15,47.5,2.5,False,Sarah Sibiya,000225XXXX205,Security Guard,ST-01,day,45,Permanent
E1211,2026-06-22,37.0,0.0,False,Sarah Sibiya,000225XXXX205,Security Guard,ST-01,day,45,Permanent
E1211,2026-06-29,43.75,0.0,False,Sarah Sibiya,000225XXXX205,Security Guard,ST-01,day,45,Permanent
E1211,2026-07-06,25.0,0.0,False,Sarah Sibiya,000225XXXX205,Security Guard,ST-01,day,45,Permanent
E1211,2026-07-13,36.5,0.0,False,Sarah Sibiya,000225XXXX205,Security Guard,ST-01,day,45,Permanent
E1211,2026-07-20,37.75,0.0,False,Sarah Sibiya,000225XXXX205,Security Guard,ST-01,day,45,Permanent
E1211,2026-07-27,37.5,0.0,False,Sarah Sibiya,000225XXXX205,Security Guard,ST-01,day,45,Permanent
E1211,2026-08-03,35.75,0.0,False,Sarah Sibiya,000225XXXX205,Security Guard,ST-01,day,45,Permanent
E1211,2026-08-10,36.0,0.0,False,Sarah Sibiya,000225XXXX205,Security Guard,ST-01,day,45,Permanent
E1212,2026-06-08,50.5,5.5,False,Portia Cele,020514XXXX206,Security Guard,ST-06,night,45,Permanent
E1212,2026-06-15,45.25,0.25,False,Portia Cele,020514XXXX206,Security Guard,ST-06,night,45,Permanent
E1212,2026-06-22,43.0,0.0,False,Portia Cele,020514XXXX206,Security Guard,ST-06,night,45,Permanent
E1212,2026-06-29,26.25,0.0,False,Portia Cele,020514XXXX206,Security Guard,ST-06,night,45,Permanent
E1212,2026-07-06,48.0,3.0,False,Portia Cele,020514XXXX206,Security Guard,ST-06,night,45,Permanent
E1212,2026-07-13,20.0,0.0,False,Portia Cele,020514XXXX206,Security Guard,ST-06,night,45,Permanent
E1212,2026-07-20,54.5,9.5,False,Portia Cele,020514XXXX206,Security Guard,ST-06,night,45,Permanent
E1212,2026-07-27,43.5,0.0,False,Portia Cele,020514XXXX206,Security Guard,ST-06,night,45,Permanent
E1212,2026-08-03,58.0,13.0,True,Portia Cele,020514XXXX206,Security Guard,ST-06,night,45,Permanent
E1212,2026-08-10,13.0,0.0,False,Portia Cele,020514XXXX206,Security Guard,ST-06,night,45,Permanent
E1213,2026-06-08,46.5,1.5,False,Themba Zulu,010413XXXX207,Kitchen Assistant,ST-03,day,45,Permanent
E1213,2026-06-15,40.0,0.0,False,Themba Zulu,010413XXXX207,Kitchen Assistant,ST-03,day,45,Permanent
E1213,2026-06-22,37.75,0.0,False,Themba Zulu,010413XXXX207,Kitchen Assistant,ST-03,day,45,Permanent
E1213,2026-06-29,36.75,0.0,False,Themba Zulu,010413XXXX207,Kitchen Assistant,ST-03,day,45,Permanent
E1213,2026-07-06,41.0,0.0,False,Themba Zulu,010413XXXX207,Kitchen Assistant,ST-03,day,45,Permanent
E1213,2026-07-13,26.25,0.0,False,Themba Zulu,010413XXXX207,Kitchen Assistant,ST-03,day,45,Permanent
E1213,2026-07-20,34.0,0.0,False,Themba Zulu,010413XXXX207,Kitchen Assistant,ST-03,day,45,Permanent
E1213,2026-07-27,36.0,0.0,False,Themba Zulu,010413XXXX207,Kitchen Assistant,ST-03,day,45,Permanent
E1213,2026-08-03,37.75,0.0,False,Themba Zulu,010413XXXX207,Kitchen Assistant,ST-03,day,45,Permanent
E1213,2026-08-10,26.75,0.0,False,Themba Zulu,010413XXXX207,Kitchen Assistant,ST-03,day,45,Permanent
